"datetime","vehicle","kind","lon","lat","on_route"
2019-01-20 08:31:33,"1254",14,28.6151447296143,50.2400207519531,1
2019-01-20 08:31:52,"1254",14,28.6167736053467,50.2406120300293,1
2019-01-20 08:34:04,"1254",14,28.6232166290283,50.2444267272949,1
2019-01-20 08:35:52,"1254",17,28.6317081451416,50.2452964782715,1
2019-01-20 08:35:56,"1254",17,28.6317081451416,50.2452964782715,1
2019-01-20 08:35:57,"1254",14,28.6317081451416,50.2452964782715,1
2019-01-20 08:36:03,"1254",17,28.6317081451416,50.2452964782715,1
2019-01-20 08:36:17,"1254",14,28.633846282959,50.2453918457031,1
2019-01-20 08:36:38,"1254",14,28.6361045837402,50.2453269958496,1
2019-01-20 08:36:47,"1254",14,28.6364002227783,50.2453231811523,1
2019-01-20 08:36:54,"1254",14,28.6364002227783,50.2453231811523,1
2019-01-20 09:19:55,"1254",14,28.6089553833008,50.283275604248,1
2019-01-20 09:23:20,"1254",14,28.6210880279541,50.2810554504395,1
2019-01-20 09:23:47,"1254",14,28.6231803894043,50.2806777954102,1
2019-01-20 09:27:28,"1254",14,28.6387481689453,50.2779388427734,1
2019-01-20 09:33:20,"1254",17,28.6497116088867,50.263370513916,1
2019-01-20 09:34:01,"1254",14,28.6503524780273,50.2622184753418,1
2019-01-20 09:38:39,"1254",14,28.6599807739258,50.2569198608398,1
2019-01-20 10:05:54,"1254",14,28.6180953979492,50.241641998291,1
2019-01-20 11:29:16,"1254",25,28.6051216125488,50.284049987793,1
2019-01-20 11:29:25,"1254",14,28.6063137054443,50.2838134765625,1
2019-01-20 11:29:32,"1254",14,28.6063137054443,50.2838134765625,1
2019-01-20 11:31:14,"1254",17,28.6118450164795,50.282829284668,1
2019-01-20 11:31:41,"1254",14,28.6122550964355,50.2827415466309,1
2019-01-20 10:10:54,"1254",14,28.6384906768799,50.2452545166016,1
2019-01-20 10:11:19,"1254",14,28.6403560638428,50.2452049255371,1
2019-01-20 11:31:43,"1254",14,28.6122550964355,50.2827415466309,1
2019-01-20 11:31:45,"1254",14,28.6122550964355,50.2827415466309,1
2019-01-20 11:33:45,"1254",14,28.6224308013916,50.2809066772461,1
2019-01-20 11:37:40,"1254",14,28.6367588043213,50.2783355712891,1
2019-01-20 12:12:11,"1254",14,28.6391563415527,50.2780570983887,1
2019-01-20 14:11:51,"1254",17,28.6357650756836,50.278564453125,1
2019-01-20 14:12:02,"1254",14,28.6357650756836,50.278564453125,1
2019-01-20 14:12:04,"1254",14,28.6357650756836,50.278564453125,1
2019-01-20 14:12:06,"1254",32,28.6357650756836,50.278564453125,1
2019-01-20 14:12:36,"1254",14,28.6333293914795,50.2790222167969,1
2019-01-20 14:14:24,"1254",14,28.6266593933105,50.2802047729492,1
2019-01-20 12:53:28,"1254",14,28.6049880981445,50.2840194702148,1
2019-01-20 12:53:35,"1254",14,28.6049880981445,50.2840194702148,1
2019-01-20 14:14:30,"1254",14,28.6266593933105,50.2802047729492,1
2019-01-20 12:54:00,"1254",14,28.6076717376709,50.2835121154785,1
2019-01-20 14:14:32,"1254",14,28.6266593933105,50.2802047729492,1
2019-01-20 14:15:25,"1254",14,28.6201362609863,50.2814025878906,1
2019-01-20 12:54:20,"1254",14,28.608247756958,50.2833976745605,1
2019-01-20 13:03:39,"1254",14,28.642505645752,50.2772941589355,1
2019-01-20 13:05:34,"1254",14,28.6478900909424,50.2723159790039,1
2019-01-20 14:30:05,"1254",14,28.6037616729736,50.2842102050781,1
2019-01-20 14:33:47,"1254",17,28.6196174621582,50.2813148498535,1
2019-01-20 13:09:14,"1254",14,28.6492252349854,50.2643890380859,1
2019-01-20 13:09:16,"1254",14,28.6492252349854,50.2643890380859,1
2019-01-20 14:34:26,"1254",14,28.6238994598389,50.2805290222168,1
2019-01-20 14:37:46,"1254",14,28.6367321014404,50.2782745361328,1
2019-01-20 14:38:23,"1254",14,28.6386108398438,50.277946472168,1
2019-01-20 13:28:17,"1254",14,28.6387176513672,50.2453651428223,1
2019-01-20 13:28:18,"1254",14,28.6387176513672,50.2453651428223,1
2019-01-20 14:39:08,"1254",14,28.6411628723145,50.277458190918,1
2019-01-20 13:28:20,"1254",14,28.6387176513672,50.2453651428223,1
2019-01-20 13:28:22,"1254",14,28.6387176513672,50.2453651428223,1
2019-01-20 14:45:05,"1254",14,28.6488800048828,50.2655601501465,1
2019-01-20 14:46:32,"1254",14,28.6498508453369,50.2630386352539,1
2019-01-20 15:17:22,"1254",14,28.6382656097412,50.2453346252441,1
2019-01-20 13:49:10,"1254",14,28.6444892883301,50.2451667785645,1
2019-01-20 15:18:29,"1254",14,28.6413402557373,50.2453231811523,1
2019-01-20 13:53:53,"1254",14,28.6592102050781,50.2510223388672,1
2019-01-20 15:20:18,"1254",14,28.6512603759766,50.245174407959,1
2019-01-20 13:53:55,"1254",14,28.6592102050781,50.2510223388672,1
2019-01-20 15:30:14,"1254",17,28.6574935913086,50.2564430236816,1
2019-01-20 15:30:34,"1254",14,28.6572608947754,50.2564506530762,1
2019-01-20 15:30:36,"1254",14,28.6572608947754,50.2564506530762,1
2019-01-20 15:30:42,"1254",17,28.6572608947754,50.2564506530762,1
2019-01-20 14:00:07,"1254",14,28.6575660705566,50.2563896179199,1
2019-01-20 14:00:09,"1254",14,28.6575660705566,50.2563896179199,1
2019-01-20 14:00:50,"1254",14,28.6560935974121,50.2577705383301,1
2019-01-20 14:00:52,"1254",14,28.6560935974121,50.2577705383301,1
2019-01-20 15:30:52,"1254",14,28.6572608947754,50.2564506530762,1
2019-01-20 14:01:39,"1254",14,28.6541805267334,50.2602615356445,1
2019-01-20 14:01:41,"1254",14,28.6541805267334,50.2602615356445,1
2019-01-20 14:02:30,"1254",14,28.652681350708,50.2612571716309,1
2019-01-20 15:38:07,"1254",14,28.6484260559082,50.2690505981445,1
2019-01-20 15:40:10,"1254",14,28.6460857391357,50.2762870788574,1
2019-01-20 16:14:24,"1254",14,28.6411304473877,50.2775535583496,1
2019-01-20 16:14:26,"1254",14,28.6411304473877,50.2775535583496,1
2019-01-20 16:48:41,"1254",14,28.6139297485352,50.2394866943359,1
2019-01-20 16:48:43,"1254",14,28.6139297485352,50.2394866943359,1
2019-01-20 16:48:45,"1254",14,28.6139297485352,50.2394866943359,1
2019-01-20 16:51:52,"1254",14,28.624662399292,50.2445259094238,1
2019-01-20 17:17:35,"1254",14,28.6892166137695,50.2665557861328,0
2019-01-20 17:24:43,"1254",26,28.7030410766602,50.2590103149414,0
2019-01-20 08:52:04,"1017",25,28.7067108154297,50.253547668457,0
2019-01-20 08:52:04,"1017",1,28.7067108154297,50.253547668457,0
2019-01-20 08:52:04,"1017",24,28.7067108154297,50.253547668457,0
2019-01-20 08:52:04,"1017",27,28.7067108154297,50.253547668457,0
2019-01-20 08:52:04,"1017",28,28.7067108154297,50.253547668457,0
2019-01-20 11:46:26,"1017",14,28.6338920593262,50.2788467407227,1
2019-01-20 11:49:23,"1017",14,28.642240524292,50.2772750854492,1
2019-01-20 11:51:21,"1017",14,28.6478404998779,50.2731437683105,1
2019-01-20 11:51:27,"1017",14,28.6478404998779,50.2731437683105,1
2019-01-20 11:51:29,"1017",14,28.6480445861816,50.2716484069824,1
2019-01-20 09:07:43,"1017",14,28.6894855499268,50.2668342590332,0
2019-01-20 09:15:28,"1017",17,28.6681537628174,50.2577934265137,0
2019-01-20 09:38:56,"1017",14,28.6574516296387,50.256420135498,1
2019-01-20 12:47:45,"1017",14,28.6503677368164,50.2623519897461,1
2019-01-20 12:50:54,"1017",14,28.6485843658447,50.2679672241211,1
2019-01-20 13:01:51,"1017",14,28.615385055542,50.2823181152344,1
2019-01-20 10:17:05,"1017",14,28.6406440734863,50.2775611877441,1
2019-01-20 13:02:04,"1017",14,28.615385055542,50.2823181152344,1
2019-01-20 10:17:18,"1017",14,28.6417102813721,50.2773742675781,1
2019-01-20 14:43:58,"1017",14,28.6607246398926,50.2559967041016,1
2019-01-20 10:32:06,"1017",14,28.6604709625244,50.2522125244141,1
2019-01-20 10:32:29,"1017",14,28.6604709625244,50.2522125244141,1
2019-01-20 10:33:49,"1017",14,28.6566104888916,50.2513313293457,1
2019-01-20 10:34:01,"1017",14,28.6566104888916,50.2513313293457,1
2019-01-20 10:34:26,"1017",14,28.6553363800049,50.2499961853027,1
2019-01-20 10:54:19,"1017",17,28.6219005584717,50.2441520690918,1
2019-01-20 13:41:21,"1017",14,28.5949974060059,50.2858428955078,1
2019-01-20 13:41:31,"1017",14,28.5972957611084,50.2854232788086,1
2019-01-20 13:52:20,"1017",14,28.636812210083,50.2782554626465,1
2019-01-20 13:52:22,"1017",14,28.636812210083,50.2782554626465,1
2019-01-20 13:57:00,"1017",14,28.6485042572021,50.2676734924316,1
2019-01-20 13:59:37,"1017",14,28.6496143341064,50.2635726928711,1
2019-01-20 14:09:22,"1017",14,28.6607151031494,50.2522506713867,1
2019-01-20 14:09:24,"1017",14,28.6607151031494,50.2522506713867,1
2019-01-20 14:09:48,"1017",14,28.6607151031494,50.2522506713867,1
2019-01-20 10:55:41,"1017",14,28.6253910064697,50.2446098327637,1
2019-01-20 11:41:48,"1017",14,28.6120853424072,50.2827377319336,1
2019-01-20 14:44:00,"1017",14,28.6607246398926,50.2559967041016,1
2019-01-20 11:46:24,"1017",14,28.6338920593262,50.2788467407227,1
2019-01-20 14:47:06,"1017",17,28.6571674346924,50.2565078735352,1
2019-01-20 15:18:40,"1017",17,28.6023330688477,50.2844200134277,1
2019-01-20 17:48:31,"1017",14,28.644962310791,50.2451400756836,1
2019-01-20 15:26:13,"1017",14,28.6330986022949,50.2789154052734,1
2019-01-20 18:00:30,"1017",14,28.6700477600098,50.2583961486816,0
2019-01-20 18:05:51,"1017",14,28.6854133605957,50.2649230957031,0
2019-01-20 18:10:31,"1017",14,28.6945877075195,50.2686767578125,0
2019-01-20 15:26:15,"1017",14,28.6330986022949,50.2789154052734,1
2019-01-20 15:27:54,"1017",14,28.6389560699463,50.2779235839844,1
2019-01-20 15:29:02,"1017",14,28.6435394287109,50.2771072387695,1
2019-01-20 15:29:04,"1017",14,28.6435394287109,50.2771072387695,1
2019-01-20 15:33:17,"1017",17,28.64870262146,50.266845703125,1
2019-01-20 16:01:45,"1017",14,28.618595123291,50.2420845031738,1
2019-01-20 16:03:01,"1017",14,28.6224803924561,50.2442893981934,1
2019-01-20 16:57:55,"1017",14,28.6045417785645,50.2840690612793,1
2019-01-20 16:58:05,"1017",14,28.6045417785645,50.2840690612793,1
2019-01-20 16:58:57,"1017",14,28.6077747344971,50.2834510803223,1
2019-01-20 16:58:58,"1017",14,28.6077747344971,50.2834510803223,1
2019-01-20 16:59:07,"1017",14,28.6077747344971,50.2834510803223,1
2019-01-20 16:59:08,"1017",14,28.6077747344971,50.2834510803223,1
2019-01-20 16:59:17,"1017",14,28.6077747344971,50.2834510803223,1
2019-01-20 08:07:57,"081",14,28.7031478881836,50.2572135925293,0
2019-01-20 08:14:24,"081",14,28.6951198577881,50.2697601318359,0
2019-01-20 08:14:33,"081",14,28.6945018768311,50.2693061828613,0
2019-01-20 17:03:04,"1017",14,28.6214981079102,50.2809867858887,1
2019-01-20 08:17:47,"081",14,28.688985824585,50.2666435241699,0
2019-01-20 17:08:45,"1017",14,28.6469707489014,50.2753791809082,1
2019-01-20 08:27:56,"081",17,28.6596794128418,50.2570610046387,1
2019-01-20 08:28:48,"081",17,28.6576805114746,50.2564811706543,1
2019-01-20 17:14:35,"1017",14,28.653112411499,50.2609901428223,1
2019-01-20 12:35:42,"081",14,28.6318492889404,50.2792015075684,1
2019-01-20 17:19:29,"1017",32,28.6609058380127,50.2551956176758,1
2019-01-20 12:37:38,"081",14,28.6377296447754,50.278190612793,1
2019-01-20 12:38:51,"081",17,28.6414413452148,50.2774696350098,1
2019-01-20 12:40:03,"081",14,28.644847869873,50.2767791748047,1
2019-01-20 10:47:16,"081",14,28.6127109527588,50.2826232910156,1
2019-01-20 10:53:44,"081",14,28.6377029418945,50.2781524658203,1
2019-01-20 17:23:39,"1017",14,28.6578845977783,50.2525100708008,1
2019-01-20 12:54:23,"081",17,28.6610984802246,50.2548713684082,1
2019-01-20 12:54:23,"081",14,28.6610984802246,50.2548713684082,1
2019-01-20 12:54:28,"081",14,28.6610984802246,50.2548713684082,1
2019-01-20 11:29:07,"081",14,28.6612300872803,50.2548217773438,1
2019-01-20 12:58:00,"081",14,28.6577110290527,50.2526473999023,1
2019-01-20 17:23:42,"1017",14,28.6578845977783,50.2525100708008,1
2019-01-20 11:36:01,"081",14,28.6511173248291,50.2620086669922,1
2019-01-20 11:36:02,"081",14,28.6511173248291,50.2620086669922,1
2019-01-20 13:04:44,"081",14,28.6400508880615,50.2453918457031,1
2019-01-20 13:04:46,"081",14,28.6400508880615,50.2453918457031,1
2019-01-20 15:14:45,"081",14,28.6575756072998,50.2564086914062,1
2019-01-20 13:15:03,"081",14,28.6150913238525,50.2399597167969,1
2019-01-20 13:18:13,"081",14,28.625524520874,50.24462890625,1
2019-01-20 13:35:46,"081",17,28.6576251983643,50.2564315795898,1
2019-01-20 11:45:54,"081",14,28.6358203887939,50.2786598205566,1
2019-01-20 15:16:40,"081",14,28.6549186706543,50.259334564209,1
2019-01-20 13:47:14,"081",14,28.6401023864746,50.2777214050293,1
2019-01-20 13:48:44,"081",14,28.6358299255371,50.2786064147949,1
2019-01-20 13:49:45,"081",14,28.6321239471436,50.2792167663574,1
2019-01-20 15:18:47,"081",14,28.6523933410645,50.2614326477051,1
2019-01-20 14:07:12,"081",14,28.6122074127197,50.2826614379883,1
2019-01-20 14:07:14,"081",14,28.6122074127197,50.2826614379883,1
2019-01-20 15:28:44,"081",17,28.6383857727051,50.2781982421875,1
2019-01-20 14:11:45,"081",14,28.6322841644287,50.2791023254395,1
2019-01-20 14:13:51,"081",14,28.6387538909912,50.2779541015625,1
2019-01-20 15:29:57,"081",14,28.6353187561035,50.2787094116211,1
2019-01-20 15:11:37,"081",14,28.6609382629395,50.2553367614746,1
2019-01-20 15:46:06,"081",14,28.6042766571045,50.2841377258301,1
2019-01-20 15:13:15,"081",14,28.6596431732178,50.2568626403809,1
2019-01-20 15:13:34,"081",14,28.6587085723877,50.2567367553711,1
2019-01-20 15:13:36,"081",14,28.6587085723877,50.2567367553711,1
2019-01-20 15:14:11,"081",17,28.6576709747314,50.2564506530762,1
2019-01-20 15:14:25,"081",14,28.6576709747314,50.2564506530762,1
2019-01-20 15:46:23,"081",14,28.6058158874512,50.2838363647461,1
2019-01-20 15:48:09,"081",14,28.6134757995605,50.2824745178223,1
2019-01-20 15:50:50,"081",14,28.6273937225342,50.279914855957,1
2019-01-20 15:53:43,"081",14,28.6382293701172,50.2780570983887,1
2019-01-20 11:19:49,"079",14,28.6031436920166,50.2843399047852,1
2019-01-20 15:54:29,"081",14,28.6412239074707,50.2774772644043,1
2019-01-20 11:22:34,"079",14,28.616792678833,50.2819023132324,1
2019-01-20 11:22:53,"079",17,28.6184959411621,50.2815742492676,1
2019-01-20 16:07:55,"081",14,28.6614246368408,50.2541351318359,1
2019-01-20 11:28:53,"079",14,28.6424903869629,50.2772521972656,1
2019-01-20 11:29:04,"079",14,28.6424903869629,50.2772521972656,1
2019-01-20 11:33:12,"079",14,28.6486301422119,50.2663688659668,1
2019-01-20 11:35:02,"079",14,28.6502227783203,50.2623405456543,1
2019-01-20 11:35:16,"079",14,28.6502227783203,50.2623405456543,1
2019-01-20 11:35:37,"079",14,28.6526317596436,50.2612457275391,1
2019-01-20 11:35:39,"079",14,28.6526317596436,50.2612457275391,1
2019-01-20 11:35:44,"079",17,28.6526317596436,50.2612457275391,1
2019-01-20 11:36:34,"079",14,28.6539783477783,50.260440826416,1
2019-01-20 11:41:36,"079",17,28.660945892334,50.2552223205566,1
2019-01-20 16:08:11,"081",14,28.6615390777588,50.2536811828613,1
2019-01-20 16:23:46,"081",14,28.6136054992676,50.2394905090332,1
2019-01-20 12:07:16,"079",14,28.6252708435059,50.2445831298828,1
2019-01-20 12:07:17,"079",14,28.6252708435059,50.2445831298828,1
2019-01-20 12:08:53,"079",14,28.6337604522705,50.245304107666,1
2019-01-20 12:20:04,"079",14,28.660608291626,50.2561798095703,1
2019-01-20 12:22:19,"079",14,28.657506942749,50.2564392089844,1
2019-01-20 09:03:59,"079",14,28.6891021728516,50.2666931152344,0
2019-01-20 09:15:03,"079",14,28.6576404571533,50.2565040588379,1
2019-01-20 09:15:05,"079",14,28.6576404571533,50.2565040588379,1
2019-01-20 16:24:08,"081",14,28.615795135498,50.2402877807617,1
2019-01-20 12:34:40,"079",14,28.6350555419922,50.278736114502,1
2019-01-20 12:34:51,"079",14,28.6350555419922,50.278736114502,1
2019-01-20 09:46:02,"079",14,28.6138458251953,50.2824058532715,1
2019-01-20 09:53:04,"079",17,28.641206741333,50.2774429321289,1
2019-01-20 16:24:28,"081",14,28.617733001709,50.241340637207,1
2019-01-20 09:53:11,"079",14,28.641206741333,50.2774429321289,1
2019-01-20 09:53:13,"079",14,28.641206741333,50.2774429321289,1
2019-01-20 09:54:38,"079",14,28.6470985412598,50.2752990722656,1
2019-01-20 13:17:31,"079",14,28.5949821472168,50.285816192627,1
2019-01-20 13:19:59,"079",14,28.6075572967529,50.2834625244141,1
2019-01-20 13:22:00,"079",14,28.6150436401367,50.2821426391602,1
2019-01-20 13:26:07,"079",14,28.6337852478027,50.2788124084473,1
2019-01-20 13:32:50,"079",17,28.6486701965332,50.2664794921875,1
2019-01-20 09:54:48,"079",14,28.6470985412598,50.2752990722656,1
2019-01-20 09:54:50,"079",14,28.6470985412598,50.2752990722656,1
2019-01-20 13:36:32,"079",14,28.6537322998047,50.2606201171875,1
2019-01-20 16:24:30,"081",14,28.617733001709,50.241340637207,1
2019-01-20 13:40:24,"079",14,28.6596240997314,50.2569618225098,1
2019-01-20 10:35:23,"079",14,28.6394748687744,50.2452163696289,1
2019-01-20 16:29:17,"081",32,28.6359386444092,50.2453460693359,1
2019-01-20 10:49:52,"079",14,28.6560974121094,50.2577743530273,1
2019-01-20 10:50:04,"079",14,28.6560974121094,50.2577743530273,1
2019-01-20 10:51:49,"079",17,28.6534080505371,50.2610015869141,1
2019-01-20 13:47:02,"079",14,28.6564655303955,50.2512359619141,1
2019-01-20 15:01:54,"079",14,28.6135234832764,50.2824668884277,1
2019-01-20 10:55:44,"079",14,28.6483879089355,50.2697372436523,1
2019-01-20 15:01:55,"079",14,28.6135234832764,50.2824668884277,1
2019-01-20 10:55:46,"079",14,28.6483879089355,50.2697372436523,1
2019-01-20 16:29:48,"081",14,28.6365337371826,50.2452774047852,1
2019-01-20 10:55:53,"079",14,28.6483879089355,50.2697372436523,1
2019-01-20 15:01:57,"079",14,28.6135234832764,50.2824668884277,1
2019-01-20 15:01:58,"079",14,28.6135234832764,50.2824668884277,1
2019-01-20 16:43:17,"081",14,28.6577262878418,50.2564392089844,1
2019-01-20 15:08:05,"079",14,28.6416759490967,50.2774085998535,1
2019-01-20 15:42:48,"079",32,28.6223087310791,50.244270324707,1
2019-01-20 15:42:53,"079",32,28.6223087310791,50.244270324707,1
2019-01-20 16:43:18,"081",14,28.6577262878418,50.2564392089844,1
2019-01-20 16:43:50,"081",14,28.6566505432129,50.2571449279785,1
2019-01-20 15:58:25,"079",14,28.6608715057373,50.2555732727051,1
2019-01-20 16:44:02,"081",14,28.6565074920654,50.2573585510254,1
2019-01-20 16:06:18,"079",14,28.6488723754883,50.2663612365723,1
2019-01-20 16:33:50,"079",17,28.617525100708,50.2817192077637,1
2019-01-20 16:44:03,"081",14,28.6565074920654,50.2573585510254,1
2019-01-20 17:22:48,"079",17,28.644588470459,50.2451133728027,1
2019-01-20 17:31:22,"079",14,28.6609001159668,50.2554397583008,1
2019-01-20 17:31:23,"079",14,28.6609001159668,50.2554397583008,1
2019-01-20 17:33:47,"079",14,28.6572952270508,50.2563705444336,1
2019-01-20 16:59:54,"081",17,28.6323471069336,50.2792510986328,1
2019-01-20 18:47:41,"079",26,28.7037296295166,50.2531127929688,0
2019-01-20 18:47:42,"079",2,28.7037296295166,50.2531127929688,0
2019-01-20 17:15:18,"081",14,28.6027603149414,50.2843627929688,1
2019-01-20 17:25:41,"081",14,28.64133644104,50.277458190918,1
2019-01-20 18:04:19,"081",2,28.7066841125488,50.2533988952637,0
2019-01-20 07:25:29,"1058",1,NA,NA,0
2019-01-20 07:25:46,"1058",24,NA,NA,0
2019-01-20 07:25:46,"1058",27,NA,NA,0
2019-01-20 08:02:57,"1017",1,NA,NA,0
2019-01-20 08:04:03,"1017",28,NA,NA,0
2019-01-20 08:04:03,"1017",27,NA,NA,0
2019-01-20 08:04:03,"1017",24,NA,NA,0
2019-01-20 08:04:03,"1017",25,NA,NA,0
2019-01-20 08:05:21,"081",27,NA,NA,0
2019-01-20 08:05:21,"1058",28,NA,NA,0
2019-01-20 08:05:21,"1058",24,NA,NA,0
2019-01-20 08:05:21,"081",25,NA,NA,0
2019-01-20 07:25:46,"1058",28,NA,NA,0
2019-01-20 07:25:46,"1058",25,NA,NA,0
2019-01-20 07:37:58,"1254",1,NA,NA,0
2019-01-20 07:38:27,"1254",25,NA,NA,0
2019-01-20 07:38:27,"1254",28,NA,NA,0
2019-01-20 07:38:27,"1254",24,NA,NA,0
2019-01-20 07:38:27,"1254",27,NA,NA,0
2019-01-20 07:38:31,"1254",26,NA,NA,0
2019-01-20 07:52:34,"1058",26,NA,NA,0
2019-01-20 08:09:57,"079",1,NA,NA,0
2019-01-20 08:10:27,"079",25,NA,NA,0
2019-01-20 08:10:27,"079",24,NA,NA,0
2019-01-20 08:10:27,"079",27,NA,NA,0
2019-01-20 08:10:27,"079",28,NA,NA,0
2019-01-20 09:26:44,"081",24,NA,NA,0
2019-01-20 09:26:44,"081",28,NA,NA,0
2019-01-20 09:26:44,"081",1,NA,NA,0
2019-01-20 09:26:44,"081",25,NA,NA,0
2019-01-20 09:26:44,"081",27,NA,NA,0
2019-01-20 09:43:43,"1017",32,NA,NA,0
2019-01-20 09:44:17,"1017",14,NA,NA,0
2019-01-20 10:48:54,"079",17,NA,NA,0
2019-01-20 09:17:40,"079",14,NA,NA,0
2019-01-20 10:38:16,"079",14,NA,NA,0
2019-01-20 11:15:42,"1254",26,NA,NA,0
2019-01-20 11:16:00,"1017",14,NA,NA,0
2019-01-20 12:57:53,"1254",17,NA,NA,0
2019-01-20 13:13:00,"081",17,NA,NA,0
2019-01-20 13:14:15,"081",14,NA,NA,0
2019-01-20 13:14:16,"081",14,NA,NA,0
2019-01-20 13:14:18,"081",14,NA,NA,0
2019-01-20 13:42:46,"079",14,NA,NA,0
2019-01-20 13:42:56,"079",14,NA,NA,0
2019-01-20 13:59:37,"1254",14,NA,NA,0
2019-01-20 13:59:42,"1254",17,NA,NA,0
2019-01-20 14:02:22,"079",14,NA,NA,0
2019-01-20 14:02:27,"079",14,NA,NA,0
2019-01-20 14:24:44,"1017",17,NA,NA,0
2019-01-20 14:46:20,"1017",14,NA,NA,0
2019-01-20 14:47:17,"081",14,NA,NA,0
2019-01-20 14:47:34,"081",14,NA,NA,0
2019-01-20 14:49:25,"081",14,NA,NA,0
2019-01-20 14:49:27,"081",14,NA,NA,0
2019-01-20 14:49:29,"081",14,NA,NA,0
2019-01-20 14:49:31,"081",14,NA,NA,0
2019-01-20 14:50:12,"081",14,NA,NA,0
2019-01-20 14:51:48,"081",14,NA,NA,0
2019-01-20 14:51:56,"081",14,NA,NA,0
2019-01-20 14:51:58,"081",14,NA,NA,0
2019-01-20 14:54:46,"079",14,NA,NA,0
2019-01-20 15:14:46,"079",14,NA,NA,0
2019-01-20 15:21:19,"079",17,NA,NA,0
2019-01-20 15:30:27,"1254",14,NA,NA,0
2019-01-20 12:24:48,"1017",14,NA,NA,0
2019-01-20 12:45:48,"1254",26,NA,NA,0
2019-01-20 12:49:56,"1017",14,NA,NA,0
2019-01-20 14:04:08,"079",14,NA,NA,0
2019-01-20 14:04:09,"079",14,NA,NA,0
2019-01-20 15:58:48,"079",14,NA,NA,0
2019-01-20 15:58:50,"079",14,NA,NA,0
2019-01-20 16:17:27,"1017",14,NA,NA,0
2019-01-20 16:21:13,"1017",14,NA,NA,0
2019-01-20 16:27:28,"1017",14,NA,NA,0
2019-01-20 17:40:54,"1017",14,NA,NA,0
2019-01-20 17:40:56,"1017",14,NA,NA,0
2019-01-20 17:40:57,"1017",14,NA,NA,0
2019-01-20 18:15:47,"1017",26,NA,NA,0
2019-01-20 18:15:49,"1017",2,NA,NA,0
2019-01-20 09:18:39,"081",26,NA,NA,0
2019-01-20 09:18:40,"081",2,NA,NA,0
2019-01-20 16:01:59,"079",14,NA,NA,0
2019-01-20 16:33:54,"079",17,NA,NA,0
2019-01-20 17:01:07,"1017",14,NA,NA,0
2019-01-20 17:11:49,"079",14,NA,NA,0
2019-01-20 17:13:03,"079",14,NA,NA,0
2019-01-20 17:31:46,"1254",2,NA,NA,0
2019-01-20 18:05:41,"081",26,NA,NA,0
2019-01-20 18:05:48,"081",2,NA,NA,0
2019-01-20 18:21:34,"079",14,NA,NA,0
2019-01-20 18:24:18,"1017",2,NA,NA,0
2019-01-20 10:12:08,"1254",14,28.6415634155273,50.2452163696289,1
2019-01-20 10:12:10,"1254",14,28.6415634155273,50.2452163696289,1
2019-01-20 10:40:33,"1254",14,28.6351795196533,50.2787055969238,1
2019-01-20 11:38:48,"1254",17,28.6412963867188,50.2774543762207,1
2019-01-20 12:04:08,"1254",14,28.6533203125,50.2610778808594,1
2019-01-20 12:54:47,"1254",14,28.6098937988281,50.2831192016602,1
2019-01-20 12:57:58,"1254",17,28.6188812255859,50.2813911437988,1
2019-01-20 12:58:53,"1254",14,28.622184753418,50.280876159668,1
2019-01-20 13:06:57,"1254",14,28.6485824584961,50.2675476074219,1
2019-01-20 13:07:17,"1254",14,28.6486701965332,50.2667541503906,1
2019-01-20 13:08:43,"1254",14,28.6487274169922,50.2654800415039,1
2019-01-20 13:22:17,"1254",14,28.6576461791992,50.2525978088379,1
2019-01-20 13:22:19,"1254",14,28.6576461791992,50.2525978088379,1
2019-01-20 13:42:03,"1254",14,28.616828918457,50.2406692504883,1
2019-01-20 13:42:05,"1254",14,28.616828918457,50.2406692504883,1
2019-01-20 13:42:06,"1254",14,28.616828918457,50.2406692504883,1
2019-01-20 13:45:13,"1254",14,28.6278667449951,50.2448883056641,1
2019-01-20 13:48:52,"1254",14,28.6421146392822,50.2452163696289,1
2019-01-20 13:48:59,"1254",14,28.6433067321777,50.2451820373535,1
2019-01-20 13:49:04,"1254",14,28.6433067321777,50.2451820373535,1
2019-01-20 14:03:11,"1254",14,28.6496086120605,50.263729095459,1
2019-01-20 14:03:13,"1254",14,28.6496086120605,50.263729095459,1
2019-01-20 16:11:39,"1254",14,28.6320133209229,50.2791709899902,1
2019-01-20 16:11:54,"1254",14,28.6320133209229,50.2791709899902,1
2019-01-20 16:39:33,"1254",14,28.6347103118896,50.2454223632812,1
2019-01-20 16:50:57,"1254",14,28.6214160919189,50.244010925293,1
2019-01-20 16:54:43,"1254",17,28.6400451660156,50.2452774047852,1
2019-01-20 11:56:53,"1017",14,28.6500339508057,50.2627563476562,1
2019-01-20 12:13:07,"1017",14,28.6382999420166,50.2453956604004,1
2019-01-20 12:28:11,"1017",14,28.6218719482422,50.2441635131836,1
2019-01-20 12:31:36,"1017",17,28.6377010345459,50.2451972961426,1
2019-01-20 12:35:34,"1017",14,28.654878616333,50.2469863891602,1
2019-01-20 12:35:36,"1017",14,28.654878616333,50.2469863891602,1
2019-01-20 13:43:39,"1017",14,28.6066741943359,50.2836875915527,1
2019-01-20 13:54:45,"1017",14,28.6470317840576,50.2753448486328,1
2019-01-20 14:01:20,"1017",14,28.6530914306641,50.2609405517578,1
2019-01-20 14:01:22,"1017",14,28.6530914306641,50.2609405517578,1
2019-01-20 14:05:44,"1017",14,28.6591835021973,50.2568969726562,1
2019-01-20 14:11:51,"1017",14,28.6567096710205,50.2516288757324,1
2019-01-20 14:11:53,"1017",14,28.6567096710205,50.2516288757324,1
2019-01-20 14:11:55,"1017",14,28.6567096710205,50.2516288757324,1
2019-01-20 14:11:57,"1017",17,28.6567096710205,50.2516288757324,1
2019-01-20 14:27:46,"1017",14,28.6155319213867,50.240119934082,1
2019-01-20 14:27:47,"1017",14,28.6155319213867,50.240119934082,1
2019-01-20 14:27:49,"1017",14,28.6155319213867,50.240119934082,1
2019-01-20 14:29:51,"1017",14,28.6226844787598,50.2443237304688,1
2019-01-20 14:34:34,"1017",14,28.6451358795166,50.2451248168945,1
2019-01-20 14:34:36,"1017",14,28.6451358795166,50.2451248168945,1
2019-01-20 08:08:17,"081",14,28.7031917572021,50.2584037780762,0
2019-01-20 08:17:29,"081",14,28.690860748291,50.2674293518066,0
2019-01-20 08:29:13,"081",14,28.6573753356934,50.2563896179199,1
2019-01-20 08:40:19,"081",14,28.6382751464844,50.2781677246094,1
2019-01-20 10:48:05,"081",14,28.6176815032959,50.2817459106445,1
2019-01-20 10:53:05,"081",14,28.6368026733398,50.2783203125,1
2019-01-20 11:32:21,"081",17,28.6575984954834,50.2564163208008,1
2019-01-20 11:32:32,"081",16,28.6575984954834,50.2564163208008,1
2019-01-20 11:33:08,"081",14,28.6564674377441,50.2573089599609,1
2019-01-20 11:33:09,"081",14,28.6564674377441,50.2573089599609,1
2019-01-20 11:47:10,"081",14,28.6309852600098,50.2795372009277,1
2019-01-20 11:21:55,"079",14,28.6122894287109,50.2826957702637,1
2019-01-20 11:23:35,"079",14,28.6186923980713,50.2815437316895,1
2019-01-20 11:23:37,"079",14,28.6186923980713,50.2815437316895,1
2019-01-20 11:23:39,"079",14,28.6186923980713,50.2815437316895,1
2019-01-20 11:24:47,"079",14,28.6275901794434,50.2799072265625,1
2019-01-20 11:24:51,"079",14,28.6275901794434,50.2799072265625,1
2019-01-20 11:29:29,"079",14,28.6464691162109,50.2759208679199,1
2019-01-20 11:34:14,"079",17,28.6495800018311,50.2635307312012,1
2019-01-20 12:10:16,"079",14,28.6404590606689,50.2452011108398,1
2019-01-20 13:29:04,"079",14,28.643575668335,50.2770576477051,1
2019-01-20 13:39:27,"079",14,28.659215927124,50.2568588256836,1
2019-01-20 14:04:59,"079",14,28.6139087677002,50.2395324707031,1
2019-01-20 14:05:01,"079",14,28.6139087677002,50.2395324707031,1
2019-01-20 14:05:02,"079",14,28.6139087677002,50.2395324707031,1
2019-01-20 14:07:15,"079",17,28.6211395263672,50.2438735961914,1
2019-01-20 14:12:04,"079",14,28.6422157287598,50.2452163696289,1
2019-01-20 14:12:22,"079",14,28.6422157287598,50.2452163696289,1
2019-01-20 08:03:54,"1254",14,28.6662616729736,50.257194519043,0
2019-01-20 08:03:56,"1254",14,28.6662616729736,50.257194519043,0
2019-01-20 08:33:27,"1254",14,28.6219463348389,50.2441864013672,1
2019-01-20 08:33:29,"1254",14,28.6219463348389,50.2441864013672,1
2019-01-20 09:19:34,"1254",14,28.6078491210938,50.2834281921387,1
2019-01-20 09:27:51,"1254",14,28.6410903930664,50.277530670166,1
2019-01-20 09:34:03,"1254",14,28.6509704589844,50.2619094848633,1
2019-01-20 10:06:08,"1254",14,28.6186561584473,50.2421340942383,1
2019-01-20 10:06:10,"1254",14,28.6186561584473,50.2421340942383,1
2019-01-20 10:08:10,"1254",14,28.6243057250977,50.2444877624512,1
2019-01-20 10:08:12,"1254",14,28.6243057250977,50.2444877624512,1
2019-01-20 10:09:36,"1254",14,28.6325035095215,50.2453269958496,1
2019-01-20 14:13:57,"1254",14,28.6302375793457,50.2795639038086,1
2019-01-20 14:13:59,"1254",14,28.6302375793457,50.2795639038086,1
2019-01-20 14:14:00,"1254",14,28.6302375793457,50.2795639038086,1
2019-01-20 14:14:55,"1254",14,28.6233997344971,50.2808113098145,1
2019-01-20 14:14:57,"1254",14,28.6233997344971,50.2808113098145,1
2019-01-20 14:15:12,"1254",14,28.6223812103271,50.2810020446777,1
2019-01-20 14:36:56,"1254",14,28.6356620788574,50.2784843444824,1
2019-01-20 14:37:00,"1254",17,28.6356620788574,50.2784843444824,1
2019-01-20 14:37:28,"1254",14,28.6364650726318,50.2783432006836,1
2019-01-20 14:38:15,"1254",14,28.6375980377197,50.2781295776367,1
2019-01-20 14:48:16,"1254",14,28.6537780761719,50.260684967041,1
2019-01-20 15:16:18,"1254",14,28.632381439209,50.2453193664551,1
2019-01-20 15:17:18,"1254",17,28.6372566223145,50.2453689575195,1
2019-01-20 15:17:45,"1254",14,28.6403560638428,50.2452812194824,1
2019-01-20 15:17:47,"1254",14,28.6403560638428,50.2452812194824,1
2019-01-20 15:20:41,"1254",14,28.6530990600586,50.2454795837402,1
2019-01-20 15:34:02,"1254",14,28.6526317596436,50.2614097595215,1
2019-01-20 15:38:23,"1254",14,28.6482849121094,50.2702751159668,1
2019-01-20 15:43:44,"1254",14,28.6352558135986,50.2785415649414,1
2019-01-20 15:43:45,"1254",14,28.6352558135986,50.2785415649414,1
2019-01-20 15:43:55,"1254",14,28.6352558135986,50.2785415649414,1
2019-01-20 15:44:56,"1254",14,28.6324501037598,50.2791976928711,1
2019-01-20 16:06:13,"1254",14,28.6047477722168,50.2840538024902,1
2019-01-20 16:08:29,"1254",14,28.6160221099854,50.2820205688477,1
2019-01-20 16:08:52,"1254",14,28.6182994842529,50.2815856933594,1
2019-01-20 16:08:54,"1254",14,28.6182994842529,50.2815856933594,1
2019-01-20 16:08:57,"1254",14,28.6182994842529,50.2815856933594,1
2019-01-20 09:08:07,"1017",14,28.6875858306885,50.2660140991211,0
2019-01-20 09:34:13,"1017",14,28.6608257293701,50.2555999755859,1
2019-01-20 10:07:55,"1017",17,28.6053104400635,50.2839469909668,1
2019-01-20 10:11:04,"1017",14,28.6168823242188,50.2818450927734,1
2019-01-20 10:11:58,"1017",32,28.619119644165,50.2814064025879,1
2019-01-20 10:14:33,"1017",17,28.6316623687744,50.279167175293,1
2019-01-20 10:14:36,"1017",14,28.6316623687744,50.279167175293,1
2019-01-20 10:21:51,"1017",17,28.6487865447998,50.2654304504395,1
2019-01-20 10:28:46,"1017",14,28.659875869751,50.2570266723633,1
2019-01-20 10:56:47,"1017",17,28.6312255859375,50.2451400756836,1
2019-01-20 11:12:40,"1017",14,28.6533050537109,50.2610664367676,1
2019-01-20 11:16:55,"1017",14,28.6485004425049,50.2693786621094,1
2019-01-20 11:40:07,"1017",17,28.6022701263428,50.2845039367676,1
2019-01-20 17:24:39,"1017",14,28.6557350158691,50.2505493164062,1
2019-01-20 17:25:02,"1017",14,28.6557350158691,50.2505493164062,1
2019-01-20 17:42:41,"1017",14,28.6153182983398,50.2400169372559,1
2019-01-20 17:44:00,"1017",14,28.6220149993896,50.244197845459,1
2019-01-20 17:45:01,"1017",14,28.6257705688477,50.2446594238281,1
2019-01-20 17:59:56,"1017",14,28.6687908172607,50.2580184936523,0
2019-01-20 12:28:09,"081",14,28.60524559021,50.2839889526367,1
2019-01-20 12:31:27,"081",14,28.6123065948486,50.2827110290527,1
2019-01-20 12:33:30,"081",14,28.6204280853271,50.2812461853027,1
2019-01-20 12:45:49,"081",14,28.6488857269287,50.2652549743652,1
2019-01-20 13:10:11,"081",14,28.6192779541016,50.2428512573242,1
2019-01-20 13:18:07,"081",14,28.6249656677246,50.244571685791,1
2019-01-20 13:18:33,"081",14,28.6279315948486,50.2448806762695,1
2019-01-20 13:22:54,"081",14,28.642276763916,50.2452354431152,1
2019-01-20 13:24:13,"081",14,28.6476287841797,50.2451171875,1
2019-01-20 13:31:40,"081",14,28.6615352630615,50.2537536621094,1
2019-01-20 13:39:09,"081",14,28.6522102355957,50.2614402770996,1
2019-01-20 13:41:19,"081",14,28.6487674713135,50.2665405273438,1
2019-01-20 14:09:05,"081",14,28.6191005706787,50.2814407348633,1
2019-01-20 14:12:56,"081",17,28.6366329193115,50.2783203125,1
2019-01-20 14:13:59,"081",14,28.639253616333,50.2778549194336,1
2019-01-20 14:14:11,"081",14,28.6402950286865,50.2776565551758,1
2019-01-20 15:06:54,"081",14,28.6576309204102,50.2514533996582,1
2019-01-20 15:12:15,"081",14,28.6607112884521,50.2559089660645,1
2019-01-20 15:12:21,"081",14,28.6607112884521,50.2559089660645,1
2019-01-20 15:13:02,"081",14,28.6599082946777,50.2567291259766,1
2019-01-20 09:17:04,"079",25,28.6533145904541,50.261100769043,1
2019-01-20 09:17:04,"079",24,28.6533145904541,50.261100769043,1
2019-01-20 09:17:04,"079",28,28.6533145904541,50.261100769043,1
2019-01-20 09:17:04,"079",27,28.6533145904541,50.261100769043,1
2019-01-20 09:17:04,"079",1,28.6533145904541,50.261100769043,1
2019-01-20 09:24:58,"079",14,28.6384963989258,50.2781753540039,1
2019-01-20 09:26:16,"079",14,28.6335182189941,50.2791023254395,1
2019-01-20 09:26:24,"079",14,28.6335182189941,50.2791023254395,1
2019-01-20 09:43:13,"079",14,28.6051597595215,50.2839851379395,1
2019-01-20 09:43:37,"079",14,28.607349395752,50.283561706543,1
2019-01-20 09:43:39,"079",14,28.607349395752,50.283561706543,1
2019-01-20 09:43:40,"079",14,28.607349395752,50.283561706543,1
2019-01-20 09:53:39,"079",14,28.6413249969482,50.2774047851562,1
2019-01-20 10:32:14,"079",14,28.6254100799561,50.2445449829102,1
2019-01-20 10:34:18,"079",14,28.6334857940674,50.2452774047852,1
2019-01-20 10:36:32,"079",14,28.6418418884277,50.2451515197754,1
2019-01-20 10:50:26,"079",14,28.6560821533203,50.2578010559082,1
2019-01-20 11:01:10,"079",14,28.6346454620361,50.2788162231445,1
2019-01-20 15:47:50,"079",14,28.641242980957,50.245246887207,1
2019-01-20 17:22:15,"079",14,28.6422061920166,50.245174407959,1
2019-01-20 17:22:37,"079",14,28.6422061920166,50.245174407959,1
2019-01-20 17:32:37,"079",17,28.6595973968506,50.2571411132812,1
2019-01-20 17:47:27,"079",14,28.6322269439697,50.2792320251465,1
2019-01-20 14:34:38,"1017",14,28.6451358795166,50.2451248168945,1
2019-01-20 14:43:36,"1017",14,28.6608295440674,50.2556648254395,1
2019-01-20 14:46:34,"1017",14,28.6574420928955,50.2563705444336,1
2019-01-20 14:46:47,"1017",14,28.6574420928955,50.2563705444336,1
2019-01-20 14:46:52,"1017",14,28.6574420928955,50.2563705444336,1
2019-01-20 14:47:13,"1017",17,28.6561126708984,50.2578048706055,1
2019-01-20 15:00:34,"1017",14,28.6312656402588,50.2793960571289,1
2019-01-20 15:10:43,"1017",17,28.5937633514404,50.285774230957,1
2019-01-20 15:32:18,"1017",14,28.6483402252197,50.2689819335938,1
2019-01-20 15:40:06,"1017",14,28.6595592498779,50.2569694519043,1
2019-01-20 15:40:07,"1017",14,28.6595592498779,50.2569694519043,1
2019-01-20 16:00:52,"1017",14,28.6153354644775,50.2400512695312,1
2019-01-20 16:00:53,"1017",14,28.6153354644775,50.2400512695312,1
2019-01-20 16:07:19,"1017",14,28.6376132965088,50.2452697753906,1
2019-01-20 16:10:15,"1017",14,28.6497783660889,50.2450904846191,1
2019-01-20 16:20:06,"1017",14,28.6573638916016,50.256404876709,1
2019-01-20 16:24:44,"1017",14,28.649974822998,50.2630348205566,1
2019-01-20 16:24:46,"1017",14,28.649974822998,50.2630348205566,1
2019-01-20 16:35:10,"1017",14,28.6322708129883,50.2792510986328,1
2019-01-20 16:36:09,"1017",14,28.6283512115479,50.279956817627,1
2019-01-20 17:01:21,"1017",14,28.6144790649414,50.2822685241699,1
2019-01-20 17:01:39,"1017",14,28.6144790649414,50.2822685241699,1
2019-01-20 17:06:27,"1017",14,28.6376533508301,50.2781219482422,1
2019-01-20 17:06:27,"1017",17,28.6376533508301,50.2781219482422,1
2019-01-20 17:06:32,"1017",17,28.6376533508301,50.2781219482422,1
2019-01-20 17:10:04,"1017",14,28.6481647491455,50.270336151123,1
2019-01-20 17:20:36,"1017",14,28.6614036560059,50.2540092468262,1
2019-01-20 17:22:51,"1017",17,28.6580505371094,50.2525100708008,1
2019-01-20 17:23:00,"1017",17,28.6580505371094,50.2525100708008,1
2019-01-20 17:24:37,"1017",14,28.6557350158691,50.2505493164062,1
2019-01-20 15:14:58,"081",14,28.6574573516846,50.2563743591309,1
2019-01-20 15:15:00,"081",14,28.6574573516846,50.2563743591309,1
2019-01-20 15:15:07,"081",14,28.6574573516846,50.2563743591309,1
2019-01-20 15:15:09,"081",14,28.6574573516846,50.2563743591309,1
2019-01-20 15:15:43,"081",14,28.6566295623779,50.2569961547852,1
2019-01-20 15:16:28,"081",14,28.6550998687744,50.2590484619141,1
2019-01-20 15:24:28,"081",14,28.6478862762451,50.2729568481445,1
2019-01-20 15:30:08,"081",14,28.6344318389893,50.2788543701172,1
2019-01-20 15:31:17,"081",14,28.631290435791,50.2794189453125,1
2019-01-20 15:45:55,"081",14,28.6032791137695,50.2843170166016,1
2019-01-20 15:47:44,"081",14,28.6125164031982,50.282642364502,1
2019-01-20 15:47:51,"081",14,28.6125164031982,50.282642364502,1
2019-01-20 15:47:55,"081",14,28.6125164031982,50.282642364502,1
2019-01-20 15:48:01,"081",14,28.6130142211914,50.2825546264648,1
2019-01-20 15:49:19,"081",14,28.6186103820801,50.2815246582031,1
2019-01-20 15:49:20,"081",14,28.6186103820801,50.2815246582031,1
2019-01-20 16:32:24,"081",14,28.6470146179199,50.2451248168945,1
2019-01-20 16:47:00,"081",14,28.6525783538818,50.261402130127,1
2019-01-20 16:56:29,"081",17,28.6401405334473,50.2778205871582,1
2019-01-20 16:56:42,"081",14,28.6401405334473,50.2778205871582,1
2019-01-20 16:58:35,"081",14,28.6352291107178,50.278694152832,1
2019-01-20 17:15:26,"081",14,28.6033000946045,50.2842712402344,1
2019-01-20 17:19:51,"081",14,28.6230201721191,50.2807121276855,1
2019-01-20 17:31:48,"081",14,28.6488227844238,50.2658348083496,1
2019-01-20 17:33:16,"081",14,28.6498756408691,50.263069152832,1
2019-01-20 07:54:57,"1254",25,28.6944007873535,50.2691497802734,0
2019-01-20 08:33:19,"1254",14,28.6210422515869,50.2438545227051,1
2019-01-20 08:33:23,"1254",14,28.6210422515869,50.2438545227051,1
2019-01-20 08:33:25,"1254",14,28.6210422515869,50.2438545227051,1
2019-01-20 08:37:30,"1254",14,28.6403102874756,50.2453002929688,1
2019-01-20 09:04:52,"1254",14,28.6331558227539,50.2790222167969,1
2019-01-20 09:27:11,"1254",14,28.6368179321289,50.2782554626465,1
2019-01-20 09:28:28,"1254",14,28.6429100036621,50.2771911621094,1
2019-01-20 09:34:30,"1254",14,28.6528568267822,50.2611045837402,1
2019-01-20 09:38:33,"1254",14,28.659854888916,50.2569847106934,1
2019-01-20 10:11:30,"1254",17,28.6404609680176,50.2452392578125,1
2019-01-20 14:04:48,"1254",14,28.6489925384521,50.2659873962402,1
2019-01-20 14:04:50,"1254",14,28.6489925384521,50.2659873962402,1
2019-01-20 14:05:05,"1254",14,28.648853302002,50.2669525146484,1
2019-01-20 14:30:10,"1254",17,28.6047744750977,50.2840194702148,1
2019-01-20 14:33:21,"1254",17,28.6186618804932,50.281494140625,1
2019-01-20 14:33:35,"1254",17,28.6186618804932,50.281494140625,1
2019-01-20 14:35:09,"1254",14,28.6282615661621,50.2797508239746,1
2019-01-20 14:38:08,"1254",14,28.6368656158447,50.2782592773438,1
2019-01-20 14:38:47,"1254",14,28.6407508850098,50.277530670166,1
2019-01-20 14:42:03,"1254",14,28.6481456756592,50.2705192565918,1
2019-01-20 14:42:05,"1254",14,28.6481456756592,50.2705192565918,1
2019-01-20 14:45:30,"1254",14,28.6490745544434,50.2647857666016,1
2019-01-20 15:16:59,"1254",17,28.6363792419434,50.2452964782715,1
2019-01-20 15:18:02,"1254",17,28.6406269073486,50.2453422546387,1
2019-01-20 15:20:07,"1254",14,28.6501750946045,50.2451362609863,1
2019-01-20 15:20:59,"1254",14,28.6541900634766,50.2464447021484,1
2019-01-20 15:37:02,"1254",14,28.6485767364502,50.2679176330566,1
2019-01-20 15:45:04,"1254",14,28.6320323944092,50.2792358398438,1
2019-01-20 16:08:42,"1254",14,28.6171913146973,50.2818260192871,1
2019-01-20 09:10:40,"1017",14,28.6804008483887,50.2630844116211,0
2019-01-20 10:12:17,"1017",14,28.6213512420654,50.2810363769531,1
2019-01-20 10:16:09,"1017",17,28.6365756988525,50.2782669067383,1
2019-01-20 10:16:39,"1017",14,28.6387805938721,50.2779235839844,1
2019-01-20 10:23:29,"1017",17,28.6502552032471,50.2622528076172,1
2019-01-20 10:31:24,"1017",14,28.6615180969238,50.2526779174805,1
2019-01-20 10:31:26,"1017",14,28.6615180969238,50.2526779174805,1
2019-01-20 10:53:57,"1017",14,28.6206722259521,50.2436256408691,1
2019-01-20 10:54:04,"1017",14,28.6206722259521,50.2436256408691,1
2019-01-20 10:57:45,"1017",14,28.6370239257812,50.2452964782715,1
2019-01-20 11:06:52,"1017",14,28.661060333252,50.255241394043,1
2019-01-20 11:09:32,"1017",14,28.6573429107666,50.2564353942871,1
2019-01-20 11:40:28,"1017",14,28.6045341491699,50.2840919494629,1
2019-01-20 17:48:59,"1017",14,28.6473045349121,50.2450981140137,1
2019-01-20 17:58:12,"1017",14,28.6635208129883,50.2566223144531,0
2019-01-20 18:01:21,"1017",14,28.6704120635986,50.2585868835449,0
2019-01-20 18:10:08,"1017",14,28.6940593719482,50.2685356140137,0
2019-01-20 12:33:11,"081",14,28.6185646057129,50.2815475463867,1
2019-01-20 12:33:13,"081",14,28.6185646057129,50.2815475463867,1
2019-01-20 12:45:38,"081",14,28.6487979888916,50.2656021118164,1
2019-01-20 12:47:02,"081",14,28.650110244751,50.2625160217285,1
2019-01-20 12:47:10,"081",14,28.6502838134766,50.262321472168,1
2019-01-20 12:54:21,"081",14,28.6609859466553,50.2550926208496,1
2019-01-20 12:58:19,"081",14,28.657356262207,50.2523918151855,1
2019-01-20 13:19:47,"081",14,28.6311779022217,50.2452163696289,1
2019-01-20 13:21:14,"081",14,28.6364097595215,50.2453269958496,1
2019-01-20 13:22:46,"081",14,28.6416988372803,50.2452507019043,1
2019-01-20 13:33:20,"081",14,28.6610507965088,50.2550735473633,1
2019-01-20 13:33:39,"081",14,28.6608219146729,50.2555961608887,1
2019-01-20 13:34:07,"081",14,28.6602153778076,50.256591796875,1
2019-01-20 14:08:32,"081",32,28.6185894012451,50.2815322875977,1
2019-01-20 14:20:09,"081",14,28.648775100708,50.2657318115234,1
2019-01-20 14:38:42,"081",14,28.6383686065674,50.2453193664551,1
2019-01-20 14:38:44,"081",14,28.6383686065674,50.2453193664551,1
2019-01-20 14:59:23,"081",14,28.6364555358887,50.2453002929688,1
2019-01-20 08:58:12,"079",14,28.6974830627441,50.2679901123047,0
2019-01-20 09:12:41,"079",14,28.662525177002,50.2563438415527,0
2019-01-20 09:12:54,"079",17,28.662525177002,50.2563438415527,0
2019-01-20 09:13:26,"079",14,28.6608352661133,50.2559852600098,1
2019-01-20 09:42:56,"079",14,28.602876663208,50.2844047546387,1
2019-01-20 09:46:54,"079",17,28.6175956726074,50.28173828125,1
2019-01-20 09:53:45,"079",17,28.6434650421143,50.2770767211914,1
2019-01-20 09:55:48,"079",14,28.6480579376221,50.2714233398438,1
2019-01-20 10:49:32,"079",14,28.6572551727295,50.256404876709,1
2019-01-20 10:49:36,"079",17,28.6571750640869,50.2564811706543,1
2019-01-20 15:20:36,"079",14,28.6599178314209,50.2569885253906,1
2019-01-20 15:21:23,"079",17,28.6609783172607,50.2551231384277,1
2019-01-20 15:23:06,"079",14,28.6615428924561,50.2524261474609,1
2019-01-20 15:57:57,"079",14,28.6609477996826,50.2550888061523,1
2019-01-20 16:01:24,"079",14,28.656099319458,50.2578010559082,1
2019-01-20 16:14:49,"079",14,28.6287136077881,50.2798690795898,1
2019-01-20 16:19:17,"079",14,28.6076736450195,50.2836761474609,1
2019-01-20 16:34:25,"079",14,28.6208724975586,50.2811088562012,1
2019-01-20 16:40:08,"079",14,28.6428089141846,50.2772064208984,1
2019-01-20 17:39:36,"079",14,28.6489601135254,50.265754699707,1
2019-01-20 17:39:38,"079",17,28.6489601135254,50.265754699707,1
2019-01-20 17:41:22,"079",14,28.6484203338623,50.2695617675781,1
2019-01-20 17:48:20,"079",14,28.6309242248535,50.2794227600098,1
2019-01-20 14:52:17,"1017",14,28.6487121582031,50.2674407958984,1
2019-01-20 14:59:27,"1017",14,28.6334953308105,50.2790031433105,1
2019-01-20 14:59:29,"1017",14,28.6334953308105,50.2790031433105,1
2019-01-20 14:59:30,"1017",14,28.6334953308105,50.2790031433105,1
2019-01-20 14:59:45,"1017",14,28.6334953308105,50.2790031433105,1
2019-01-20 15:20:21,"1017",14,28.6082057952881,50.2834091186523,1
2019-01-20 15:23:43,"1017",14,28.6190757751465,50.2812805175781,1
2019-01-20 15:24:03,"1017",14,28.6213512420654,50.2810096740723,1
2019-01-20 15:24:24,"1017",14,28.6235504150391,50.2806091308594,1
2019-01-20 15:26:49,"1017",14,28.6354465484619,50.2785110473633,1
2019-01-20 15:29:56,"1017",14,28.6445064544678,50.2768630981445,1
2019-01-20 16:19:49,"1017",14,28.6580905914307,50.2565460205078,1
2019-01-20 16:34:00,"1017",17,28.6360149383545,50.2785682678223,1
2019-01-20 16:34:05,"1017",17,28.6360149383545,50.2785682678223,1
2019-01-20 16:35:37,"1017",14,28.6306056976318,50.2795524597168,1
2019-01-20 16:35:49,"1017",14,28.6306056976318,50.2795524597168,1
2019-01-20 17:02:55,"1017",14,28.6192798614502,50.2813835144043,1
2019-01-20 17:06:17,"1017",17,28.6365203857422,50.2782821655273,1
2019-01-20 17:07:17,"1017",14,28.641300201416,50.2774658203125,1
2019-01-20 17:07:36,"1017",14,28.641300201416,50.2774658203125,1
2019-01-20 17:08:13,"1017",14,28.6443672180176,50.2768516540527,1
2019-01-20 17:08:25,"1017",14,28.6456451416016,50.2764434814453,1
2019-01-20 17:08:27,"1017",14,28.6456451416016,50.2764434814453,1
2019-01-20 17:09:14,"1017",14,28.6477680206299,50.2732086181641,1
2019-01-20 17:09:16,"1017",14,28.6477680206299,50.2732086181641,1
2019-01-20 17:09:33,"1017",14,28.6477680206299,50.2732086181641,1
2019-01-20 17:20:08,"1017",14,28.661376953125,50.2541046142578,1
2019-01-20 17:24:07,"1017",14,28.6569976806641,50.2518119812012,1
2019-01-20 15:25:29,"081",14,28.6469535827637,50.2755661010742,1
2019-01-20 15:54:08,"081",14,28.6408538818359,50.2775382995605,1
2019-01-20 15:56:27,"081",14,28.647834777832,50.2728462219238,1
2019-01-20 16:05:58,"081",14,28.6599407196045,50.2570304870605,1
2019-01-20 16:24:02,"081",14,28.615327835083,50.2401161193848,1
2019-01-20 16:24:50,"081",14,28.6191654205322,50.2426109313965,1
2019-01-20 16:24:52,"081",14,28.6191654205322,50.2426109313965,1
2019-01-20 16:40:40,"081",14,28.6607608795166,50.2559585571289,1
2019-01-20 16:43:38,"081",14,28.6571674346924,50.2565803527832,1
2019-01-20 16:43:44,"081",14,28.6569156646729,50.2568664550781,1
2019-01-20 16:59:00,"081",14,28.6343402862549,50.2788734436035,1
2019-01-20 16:59:19,"081",14,28.6343402862549,50.2788734436035,1
2019-01-20 16:59:35,"081",14,28.6336708068848,50.2789993286133,1
2019-01-20 16:59:42,"081",14,28.6331672668457,50.2790908813477,1
2019-01-20 17:00:02,"081",17,28.6319637298584,50.2793045043945,1
2019-01-20 17:24:37,"081",14,28.6393852233887,50.2778053283691,1
2019-01-20 17:50:55,"081",14,28.6875801086426,50.2658462524414,0
2019-01-20 14:39:24,"1017",14,28.6595001220703,50.2509536743164,1
2019-01-20 14:47:40,"1017",14,28.6550941467285,50.2589530944824,1
2019-01-20 14:51:37,"1017",14,28.6487655639648,50.2670059204102,1
2019-01-20 14:59:52,"1017",14,28.632381439209,50.2792205810547,1
2019-01-20 15:33:22,"1017",17,28.6487255096436,50.2663383483887,1
2019-01-20 16:04:23,"1017",14,28.6266078948975,50.2447280883789,1
2019-01-20 16:08:42,"1017",14,28.6412696838379,50.2452354431152,1
2019-01-20 16:58:34,"1017",14,28.6068458557129,50.2836418151855,1
2019-01-20 17:03:46,"1017",14,28.6260070800781,50.2801818847656,1
2019-01-20 17:07:04,"1017",14,28.6398677825928,50.2777328491211,1
2019-01-20 17:07:49,"1017",14,28.6422061920166,50.2773056030273,1
2019-01-20 17:13:46,"1017",14,28.6502418518066,50.2622909545898,1
2019-01-20 15:23:36,"081",14,28.6482257843018,50.2706146240234,1
2019-01-20 15:45:15,"081",17,28.6018829345703,50.284553527832,1
2019-01-20 15:49:56,"081",14,28.6215705871582,50.2809944152832,1
2019-01-20 15:56:34,"081",14,28.647876739502,50.2725257873535,1
2019-01-20 15:57:04,"081",14,28.6481761932373,50.2702026367188,1
2019-01-20 15:58:16,"081",14,28.6484050750732,50.2687377929688,1
2019-01-20 16:01:26,"081",14,28.6498851776123,50.2629318237305,1
2019-01-20 16:07:18,"081",17,28.6609039306641,50.2551383972168,1
2019-01-20 16:07:18,"081",14,28.6609039306641,50.2551383972168,1
2019-01-20 16:46:55,"081",14,28.6529712677002,50.2612152099609,1
2019-01-20 16:50:28,"081",14,28.6487522125244,50.2674865722656,1
2019-01-20 16:50:29,"081",14,28.6487522125244,50.2674865722656,1
2019-01-20 17:16:00,"081",14,28.6067810058594,50.2836418151855,1
2019-01-20 17:24:17,"081",14,28.6373157501221,50.2781944274902,1
2019-01-20 17:24:28,"081",14,28.638355255127,50.2779922485352,1
2019-01-20 17:33:53,"081",14,28.6507987976074,50.2619514465332,1
2019-01-20 17:33:55,"081",14,28.6507987976074,50.2619514465332,1
2019-01-20 17:42:42,"081",14,28.6664161682129,50.257152557373,0
2019-01-20 17:52:24,"081",14,28.6926898956299,50.2679977416992,0
2019-01-20 18:04:18,"081",26,28.7066764831543,50.2533874511719,0
2019-01-20 18:09:42,"079",14,28.6207294464111,50.2811584472656,1
2019-01-20 18:09:54,"079",14,28.6207294464111,50.2811584472656,1
2019-01-20 14:21:57,"079",17,28.661226272583,50.2546806335449,1
2019-01-20 15:13:07,"079",14,28.6488037109375,50.2656745910645,1
2019-01-20 07:48:43,"1254",25,28.7031764984131,50.2577857971191,0
2019-01-20 07:48:43,"1254",24,28.7031764984131,50.2577857971191,0
2019-01-20 07:48:43,"1254",1,28.7031764984131,50.2577857971191,0
2019-01-20 07:48:43,"1254",28,28.7031764984131,50.2577857971191,0
2019-01-20 07:48:43,"1254",27,28.7031764984131,50.2577857971191,0
2019-01-20 08:59:01,"1254",14,28.6486167907715,50.2685241699219,1
2019-01-20 09:21:30,"1254",14,28.6129379272461,50.2825546264648,1
2019-01-20 09:21:41,"1254",14,28.6129379272461,50.2825546264648,1
2019-01-20 09:21:49,"1254",14,28.6140060424805,50.2823524475098,1
2019-01-20 09:27:18,"1254",14,28.6375560760498,50.2781562805176,1
2019-01-20 09:27:40,"1254",14,28.6399555206299,50.2777252197266,1
2019-01-20 09:27:59,"1254",14,28.6413269042969,50.2774772644043,1
2019-01-20 09:28:37,"1254",14,28.643928527832,50.276969909668,1
2019-01-20 09:34:59,"1254",14,28.6535148620605,50.2608184814453,1
2019-01-20 09:39:23,"1254",14,28.6608943939209,50.2551689147949,1
2019-01-20 09:55:06,"1254",14,28.6294651031494,50.2450866699219,1
2019-01-20 10:06:12,"1254",14,28.619234085083,50.2426643371582,1
2019-01-20 14:03:21,"1254",14,28.6492557525635,50.2646293640137,1
2019-01-20 14:11:04,"1254",14,28.6365051269531,50.2784461975098,1
2019-01-20 14:11:06,"1254",14,28.6365051269531,50.2784461975098,1
2019-01-20 14:13:29,"1254",14,28.6321887969971,50.2792282104492,1
2019-01-20 14:13:31,"1254",14,28.6321887969971,50.2792282104492,1
2019-01-20 14:13:42,"1254",14,28.6321887969971,50.2792282104492,1
2019-01-20 14:14:03,"1254",14,28.6292190551758,50.2797584533691,1
2019-01-20 14:15:42,"1254",14,28.619047164917,50.2815818786621,1
2019-01-20 14:15:50,"1254",14,28.6184844970703,50.281681060791,1
2019-01-20 14:34:37,"1254",14,28.6247215270996,50.2803993225098,1
2019-01-20 14:34:44,"1254",14,28.6247215270996,50.2803993225098,1
2019-01-20 14:36:32,"1254",14,28.6327342987061,50.2789840698242,1
2019-01-20 14:36:48,"1254",14,28.6348571777344,50.2786293029785,1
2019-01-20 14:39:15,"1254",14,28.6415500640869,50.2773780822754,1
2019-01-20 14:39:17,"1254",17,28.6415500640869,50.2773780822754,1
2019-01-20 14:46:54,"1254",14,28.6500053405762,50.2626342773438,1
2019-01-20 15:14:04,"1254",14,28.620813369751,50.2437896728516,1
2019-01-20 15:16:34,"1254",14,28.6347999572754,50.2453269958496,1
2019-01-20 15:20:57,"1254",14,28.6536102294922,50.245906829834,1
2019-01-20 15:23:18,"1254",17,28.6578521728516,50.2514839172363,1
2019-01-20 15:44:24,"1254",14,28.6339321136475,50.2788467407227,1
2019-01-20 15:44:28,"1254",14,28.6339321136475,50.2788467407227,1
2019-01-20 10:11:34,"1254",17,28.6404609680176,50.2452392578125,1
2019-01-20 10:11:41,"1254",14,28.6404609680176,50.2452392578125,1
2019-01-20 10:13:21,"1254",14,28.6464061737061,50.2450866699219,1
2019-01-20 11:35:45,"1254",14,28.6313953399658,50.2792587280273,1
2019-01-20 11:45:16,"1254",14,28.6500759124756,50.2625999450684,1
2019-01-20 12:54:37,"1254",14,28.6097831726074,50.2831268310547,1
2019-01-20 12:58:34,"1254",17,28.6199932098389,50.2812309265137,1
2019-01-20 13:02:46,"1254",14,28.6391696929932,50.2779350280762,1
2019-01-20 13:02:52,"1254",14,28.6402969360352,50.2777404785156,1
2019-01-20 13:09:05,"1254",17,28.648889541626,50.2650909423828,1
2019-01-20 13:11:54,"1254",14,28.6547565460205,50.2594566345215,1
2019-01-20 13:11:56,"1254",14,28.6547565460205,50.2594566345215,1
2019-01-20 13:22:34,"1254",14,28.6574268341064,50.252498626709,1
2019-01-20 13:27:58,"1254",14,28.6408214569092,50.2453460693359,1
2019-01-20 13:41:35,"1254",14,28.6144695281982,50.2397613525391,1
2019-01-20 13:43:10,"1254",32,28.6205558776855,50.2435874938965,1
2019-01-20 13:44:43,"1254",14,28.6237754821777,50.2444686889648,1
2019-01-20 13:44:44,"1254",14,28.6237754821777,50.2444686889648,1
2019-01-20 13:48:15,"1254",17,28.6403026580811,50.2452697753906,1
2019-01-20 14:00:17,"1254",14,28.6573715209961,50.2563514709473,1
2019-01-20 14:00:19,"1254",14,28.6572799682617,50.2563629150391,1
2019-01-20 14:01:01,"1254",14,28.6557159423828,50.2582397460938,1
2019-01-20 14:02:37,"1254",14,28.6515007019043,50.2617340087891,1
2019-01-20 14:02:39,"1254",14,28.6515007019043,50.2617340087891,1
2019-01-20 14:02:53,"1254",14,28.6504306793213,50.2621765136719,1
2019-01-20 16:09:34,"1254",14,28.6202774047852,50.2812042236328,1
2019-01-20 16:09:51,"1254",14,28.622444152832,50.2808609008789,1
2019-01-20 16:09:52,"1254",14,28.622444152832,50.2808609008789,1
2019-01-20 16:10:23,"1254",17,28.6254844665527,50.2803192138672,1
2019-01-20 16:51:58,"1254",14,28.6260261535645,50.2446594238281,1
2019-01-20 16:52:00,"1254",14,28.6260261535645,50.2446594238281,1
2019-01-20 17:27:51,"1254",26,28.7037754058838,50.2531318664551,0
2019-01-20 09:10:57,"1017",14,28.6790313720703,50.262378692627,0
2019-01-20 09:43:32,"1017",32,28.6487407684326,50.2674751281738,1
2019-01-20 10:08:13,"1017",14,28.6075992584229,50.2834892272949,1
2019-01-20 10:08:25,"1017",14,28.6075992584229,50.2834892272949,1
2019-01-20 10:12:50,"1017",14,28.6235504150391,50.280632019043,1
2019-01-20 10:14:57,"1017",14,28.6338558197021,50.2788047790527,1
2019-01-20 10:15:08,"1017",14,28.6338558197021,50.2788047790527,1
2019-01-20 10:24:37,"1017",17,28.6530838012695,50.2609901428223,1
2019-01-20 10:24:40,"1017",17,28.6530838012695,50.2609901428223,1
2019-01-20 10:24:52,"1017",17,28.6536998748779,50.2607116699219,1
2019-01-20 10:56:17,"1017",14,28.6299858093262,50.2450561523438,1
2019-01-20 11:10:07,"1017",14,28.6562900543213,50.2575302124023,1
2019-01-20 11:10:19,"1017",14,28.6562900543213,50.2575302124023,1
2019-01-20 11:15:18,"1017",14,28.6489200592041,50.2663993835449,1
2019-01-20 11:15:38,"1017",14,28.6489200592041,50.2663993835449,1
2019-01-20 11:24:06,"1017",14,28.6329097747803,50.2791519165039,1
2019-01-20 17:25:04,"1017",14,28.6552753448486,50.2498245239258,1
2019-01-20 17:42:43,"1017",14,28.617208480835,50.2408561706543,1
2019-01-20 17:45:38,"1017",14,28.6302127838135,50.2451095581055,1
2019-01-20 18:01:49,"1017",14,28.6743717193604,50.260181427002,0
2019-01-20 18:17:46,"1017",26,28.7036571502686,50.2531204223633,0
2019-01-20 12:32:46,"081",17,28.6185550689697,50.2815895080566,1
2019-01-20 12:37:16,"081",14,28.6367588043213,50.2783546447754,1
2019-01-20 12:39:21,"081",14,28.6419658660889,50.2774047851562,1
2019-01-20 12:39:45,"081",14,28.6434803009033,50.2771224975586,1
2019-01-20 12:39:54,"081",14,28.6443958282471,50.2769012451172,1
2019-01-20 12:45:09,"081",14,28.6487407684326,50.2663040161133,1
2019-01-20 12:46:48,"081",14,28.6498107910156,50.2631568908691,1
2019-01-20 12:46:49,"081",14,28.6498107910156,50.2631568908691,1
2019-01-20 12:46:55,"081",14,28.6498107910156,50.2631568908691,1
2019-01-20 12:47:00,"081",14,28.6499729156494,50.2628211975098,1
2019-01-20 12:47:12,"081",14,28.6504707336426,50.2621994018555,1
2019-01-20 12:48:19,"081",14,28.6537628173828,50.2607574462891,1
2019-01-20 12:56:04,"081",17,28.6609783172607,50.2522659301758,1
2019-01-20 12:57:56,"081",14,28.6577663421631,50.2526435852051,1
2019-01-20 13:18:18,"081",14,28.6264686584473,50.2447242736816,1
2019-01-20 13:21:30,"081",14,28.6371059417725,50.2453346252441,1
2019-01-20 13:21:32,"081",14,28.6376056671143,50.2453384399414,1
2019-01-20 13:23:03,"081",14,28.6428279876709,50.2452201843262,1
2019-01-20 13:31:22,"081",14,28.6614608764648,50.2530708312988,1
2019-01-20 13:49:04,"081",14,28.6337757110596,50.2789344787598,1
2019-01-20 13:49:06,"081",14,28.6337757110596,50.2789344787598,1
2019-01-20 13:49:50,"081",14,28.6315059661865,50.2793273925781,1
2019-01-20 13:49:54,"081",14,28.6315059661865,50.2793273925781,1
2019-01-20 14:04:30,"081",14,28.6027526855469,50.2843856811523,1
2019-01-20 14:14:04,"081",14,28.6397304534912,50.2777557373047,1
2019-01-20 11:53:26,"1017",14,28.6484909057617,50.2683410644531,1
2019-01-20 14:31:48,"081",14,28.6578254699707,50.252326965332,1
2019-01-20 14:32:08,"081",14,28.6578254699707,50.252326965332,1
2019-01-20 15:11:31,"081",14,28.6611251831055,50.2549171447754,1
2019-01-20 15:11:50,"081",14,28.6608219146729,50.2555503845215,1
2019-01-20 11:53:27,"1017",14,28.6484909057617,50.2683410644531,1
2019-01-20 12:30:17,"1017",14,28.633674621582,50.2453918457031,1
2019-01-20 15:12:37,"081",14,28.6604270935059,50.2562484741211,1
2019-01-20 12:32:12,"1017",14,28.6399307250977,50.2452697753906,1
2019-01-20 15:13:04,"081",14,28.6598453521729,50.2567825317383,1
2019-01-20 12:47:32,"1017",14,28.651439666748,50.2618675231934,1
2019-01-20 15:13:17,"081",14,28.6595993041992,50.2568778991699,1
2019-01-20 12:55:55,"1017",14,28.6363697052002,50.2785415649414,1
2019-01-20 12:55:57,"1017",14,28.6363697052002,50.2785415649414,1
2019-01-20 12:55:59,"1017",14,28.6363697052002,50.2785415649414,1
2019-01-20 12:57:05,"1017",14,28.6358242034912,50.2785797119141,1
2019-01-20 13:41:23,"1017",14,28.5950355529785,50.2858390808105,1
2019-01-20 13:43:11,"1017",14,28.6044502258301,50.2840881347656,1
2019-01-20 13:43:20,"1017",14,28.6044502258301,50.2840881347656,1
2019-01-20 13:43:22,"1017",14,28.6044502258301,50.2840881347656,1
2019-01-20 13:46:05,"1017",14,28.6130027770996,50.282543182373,1
2019-01-20 13:47:43,"1017",14,28.620044708252,50.2812423706055,1
2019-01-20 13:48:16,"1017",14,28.6246662139893,50.2804527282715,1
2019-01-20 13:48:32,"1017",14,28.6246662139893,50.2804527282715,1
2019-01-20 08:58:38,"079",14,28.6975288391113,50.2685508728027,0
2019-01-20 13:54:27,"1017",14,28.6456508636475,50.2764472961426,1
2019-01-20 13:54:28,"1017",14,28.6456508636475,50.2764472961426,1
2019-01-20 14:01:58,"1017",14,28.6548271179199,50.2594184875488,1
2019-01-20 14:07:51,"1017",14,28.661096572876,50.2548294067383,1
2019-01-20 14:07:52,"1017",14,28.661096572876,50.2548294067383,1
2019-01-20 14:08:03,"1017",14,28.661096572876,50.2548294067383,1
2019-01-20 14:08:56,"1017",14,28.6614303588867,50.2525520324707,1
2019-01-20 14:11:02,"1017",17,28.6580505371094,50.2525062561035,1
2019-01-20 14:11:05,"1017",14,28.6580505371094,50.2525062561035,1
2019-01-20 14:11:32,"1017",14,28.6577568054199,50.2525405883789,1
2019-01-20 14:11:34,"1017",14,28.6577568054199,50.2525405883789,1
2019-01-20 10:46:38,"079",17,28.6612358093262,50.2546844482422,1
2019-01-20 14:32:31,"1017",14,28.6362609863281,50.2452774047852,1
2019-01-20 14:32:33,"1017",14,28.6362609863281,50.2452774047852,1
2019-01-20 15:21:16,"079",17,28.6605567932129,50.2559547424316,1
2019-01-20 14:32:41,"1017",17,28.6362609863281,50.2452774047852,1
2019-01-20 15:24:47,"079",14,28.6571216583252,50.2520332336426,1
2019-01-20 14:34:16,"1017",14,28.6428985595703,50.245231628418,1
2019-01-20 15:39:08,"079",17,28.6132354736328,50.2392768859863,1
2019-01-20 15:40:42,"079",14,28.6151218414307,50.239990234375,1
2019-01-20 15:40:46,"079",14,28.6151218414307,50.239990234375,1
2019-01-20 15:46:02,"079",14,28.636251449585,50.245304107666,1
2019-01-20 15:56:52,"079",32,28.6615047454834,50.2540168762207,1
2019-01-20 15:57:17,"079",17,28.6611919403076,50.2545013427734,1
2019-01-20 16:05:39,"079",32,28.6489238739014,50.2653999328613,1
2019-01-20 16:05:46,"079",17,28.6489238739014,50.2653999328613,1
2019-01-20 16:06:42,"079",14,28.6487350463867,50.267391204834,1
2019-01-20 17:20:48,"079",14,28.6365375518799,50.2452735900879,1
2019-01-20 17:20:50,"079",14,28.6365375518799,50.2452735900879,1
2019-01-20 17:33:58,"079",14,28.6561985015869,50.2576484680176,1
2019-01-20 17:34:07,"079",14,28.6561985015869,50.2576484680176,1
2019-01-20 17:34:21,"079",14,28.6561985015869,50.2576484680176,1
2019-01-20 18:36:30,"079",32,28.6854209899902,50.2650451660156,0
2019-01-20 18:38:07,"079",14,28.6912937164307,50.2675361633301,0
2019-01-20 18:58:59,"079",26,28.7060623168945,50.2537879943848,0
2019-01-20 18:59:02,"079",2,28.7060623168945,50.2537879943848,0
2019-01-20 08:14:44,"081",14,28.6943321228027,50.2691650390625,0
2019-01-20 08:18:20,"081",14,28.6858501434326,50.2653427124023,0
2019-01-20 08:21:52,"081",14,28.6742305755615,50.2602920532227,0
2019-01-20 08:29:25,"081",14,28.6568450927734,50.2568702697754,1
2019-01-20 10:45:39,"081",14,28.6081409454346,50.2834663391113,1
2019-01-20 10:58:39,"081",14,28.6483592987061,50.2691192626953,1
2019-01-20 11:00:41,"081",14,28.6487922668457,50.265796661377,1
2019-01-20 11:01:46,"081",14,28.649959564209,50.2628746032715,1
2019-01-20 11:36:15,"081",14,28.6504955291748,50.2622985839844,1
2019-01-20 11:37:47,"081",14,28.6488780975342,50.2657775878906,1
2019-01-20 11:37:55,"081",14,28.6488304138184,50.2660751342773,1
2019-01-20 11:47:51,"081",14,28.6273956298828,50.2801933288574,1
2019-01-20 12:28:07,"081",14,28.6047668457031,50.2840881347656,1
2019-01-20 11:01:39,"079",14,28.6325206756592,50.2792091369629,1
2019-01-20 11:01:44,"079",14,28.6325206756592,50.2792091369629,1
2019-01-20 11:22:32,"079",14,28.6145687103271,50.2823066711426,1
2019-01-20 11:26:36,"079",14,28.6350479125977,50.2786445617676,1
2019-01-20 11:26:37,"079",14,28.6350479125977,50.2786445617676,1
2019-01-20 11:27:05,"079",17,28.6367206573486,50.2783164978027,1
2019-01-20 11:36:47,"079",14,28.65505027771,50.259147644043,1
2019-01-20 11:42:22,"079",14,28.6612300872803,50.2546615600586,1
2019-01-20 11:43:58,"079",17,28.6602745056152,50.2522926330566,1
2019-01-20 11:45:19,"079",14,28.6573753356934,50.2524147033691,1
2019-01-20 12:06:02,"079",14,28.6218109130859,50.2441139221191,1
2019-01-20 12:06:13,"079",17,28.6218109130859,50.2441139221191,1
2019-01-20 12:09:16,"079",17,28.6360244750977,50.2452545166016,1
2019-01-20 12:19:40,"079",14,28.6610088348389,50.2553100585938,1
2019-01-20 12:22:04,"079",14,28.6577396392822,50.2565231323242,1
2019-01-20 12:22:06,"079",14,28.6577396392822,50.2565231323242,1
2019-01-20 12:28:42,"079",14,28.6485157012939,50.2689170837402,1
2019-01-20 12:36:04,"079",14,28.6322383880615,50.2792434692383,1
2019-01-20 12:36:16,"079",14,28.6308994293213,50.2794914245605,1
2019-01-20 13:27:28,"079",14,28.6391792297363,50.2778701782227,1
2019-01-20 13:27:30,"079",14,28.6391792297363,50.2778701782227,1
2019-01-20 13:29:39,"079",14,28.6469058990479,50.2754364013672,1
2019-01-20 13:40:50,"079",14,28.6604118347168,50.2560272216797,1
2019-01-20 13:45:53,"079",17,28.658260345459,50.2524871826172,1
2019-01-20 13:45:59,"079",17,28.658260345459,50.2524871826172,1
2019-01-20 13:46:26,"079",14,28.6576747894287,50.2525672912598,1
2019-01-20 13:46:27,"079",14,28.6576747894287,50.2525672912598,1
2019-01-20 15:03:24,"079",14,28.6214008331299,50.2810363769531,1
2019-01-20 15:03:43,"079",14,28.6214008331299,50.2810363769531,1
2019-01-20 15:03:45,"079",14,28.6214008331299,50.2810363769531,1
2019-01-20 15:14:38,"079",14,28.64963722229,50.2634696960449,1
2019-01-20 11:32:02,"1254",14,28.6132297515869,50.2825813293457,1
2019-01-20 11:32:04,"1254",14,28.6132297515869,50.2825813293457,1
2019-01-20 11:33:38,"1254",32,28.6223258972168,50.280933380127,1
2019-01-20 12:01:11,"1254",17,28.6579704284668,50.2565689086914,1
2019-01-20 12:01:15,"1254",17,28.6578617095947,50.2565689086914,1
2019-01-20 12:53:26,"1254",25,28.6037483215332,50.2842216491699,1
2019-01-20 13:03:03,"1254",14,28.6409912109375,50.277587890625,1
2019-01-20 13:03:27,"1254",14,28.6418437957764,50.2774047851562,1
2019-01-20 13:20:53,"1254",14,28.6602363586426,50.2522773742676,1
2019-01-20 13:41:42,"1254",14,28.6148700714111,50.2399063110352,1
2019-01-20 13:46:12,"1254",17,28.6316585540771,50.2452659606934,1
2019-01-20 14:00:29,"1254",14,28.6569747924805,50.2566795349121,1
2019-01-20 14:00:31,"1254",14,28.6569747924805,50.2566795349121,1
2019-01-20 14:00:33,"1254",14,28.6569747924805,50.2566795349121,1
2019-01-20 14:02:02,"1254",14,28.6532821655273,50.2610206604004,1
2019-01-20 14:02:12,"1254",14,28.6531848907471,50.261043548584,1
2019-01-20 14:03:20,"1254",14,28.6492557525635,50.2646293640137,1
2019-01-20 16:08:59,"1254",14,28.6185855865479,50.2815132141113,1
2019-01-20 16:09:59,"1254",14,28.6236095428467,50.2806510925293,1
2019-01-20 16:10:10,"1254",14,28.6243553161621,50.2805252075195,1
2019-01-20 16:13:13,"1254",14,28.6373653411865,50.2782707214355,1
2019-01-20 16:14:04,"1254",14,28.6402702331543,50.2777061462402,1
2019-01-20 16:16:50,"1254",14,28.6480464935303,50.2717514038086,1
2019-01-20 16:29:15,"1254",14,28.6613311767578,50.2544212341309,1
2019-01-20 16:36:58,"1254",14,28.6465644836426,50.2451934814453,1
2019-01-20 17:00:50,"1254",14,28.6587104797363,50.2511444091797,1
2019-01-20 17:06:07,"1254",17,28.6620121002197,50.2562522888184,0
2019-01-20 17:08:37,"1254",14,28.6672134399414,50.2572784423828,0
2019-01-20 17:10:32,"1254",14,28.6704044342041,50.2585601806641,0
2019-01-20 17:10:43,"1254",14,28.6704044342041,50.2585601806641,0
2019-01-20 17:11:11,"1254",14,28.6716461181641,50.2591400146484,0
2019-01-20 17:11:13,"1254",14,28.6716461181641,50.2591400146484,0
2019-01-20 17:18:54,"1254",14,28.6929168701172,50.2680435180664,0
2019-01-20 11:48:00,"1017",17,28.636848449707,50.2782592773438,1
2019-01-20 11:49:06,"1017",14,28.6413841247559,50.2774314880371,1
2019-01-20 11:57:05,"1017",14,28.6502361297607,50.2623977661133,1
2019-01-20 12:05:57,"1017",14,28.6589107513428,50.2523765563965,1
2019-01-20 12:25:47,"1017",17,28.6134510040283,50.2393569946289,1
2019-01-20 12:41:12,"1017",14,28.6608848571777,50.2556495666504,1
2019-01-20 12:43:53,"1017",14,28.6572151184082,50.2564697265625,1
2019-01-20 12:43:55,"1017",14,28.6572151184082,50.2564697265625,1
2019-01-20 12:44:01,"1017",14,28.6572151184082,50.2564697265625,1
2019-01-20 12:44:03,"1017",14,28.6572151184082,50.2564697265625,1
2019-01-20 13:44:23,"1017",14,28.6097431182861,50.2831535339355,1
2019-01-20 13:47:59,"1017",14,28.6224536895752,50.2808456420898,1
2019-01-20 13:49:08,"1017",14,28.629114151001,50.2796325683594,1
2019-01-20 13:50:54,"1017",14,28.6351280212402,50.2785606384277,1
2019-01-20 13:53:04,"1017",14,28.6412239074707,50.2774772644043,1
2019-01-20 13:53:06,"1017",14,28.6412239074707,50.2774772644043,1
2019-01-20 13:53:17,"1017",14,28.6412239074707,50.2774772644043,1
2019-01-20 13:53:23,"1017",17,28.6412239074707,50.2774772644043,1
2019-01-20 13:53:28,"1017",17,28.6413955688477,50.2774353027344,1
2019-01-20 13:53:53,"1017",14,28.6413955688477,50.2774353027344,1
2019-01-20 13:58:38,"1017",17,28.6489734649658,50.2652206420898,1
2019-01-20 13:59:00,"1017",17,28.6489734649658,50.2652206420898,1
2019-01-20 14:08:15,"1017",14,28.6613903045654,50.2540512084961,1
2019-01-20 14:08:34,"1017",14,28.6613903045654,50.2540512084961,1
2019-01-20 14:33:58,"1017",32,28.6405658721924,50.2452964782715,1
2019-01-20 08:18:22,"081",14,28.6855754852295,50.2652130126953,0
2019-01-20 08:18:24,"081",14,28.6855754852295,50.2652130126953,0
2019-01-20 08:29:02,"081",14,28.6574687957764,50.2564125061035,1
2019-01-20 11:02:04,"081",14,28.6502799987793,50.2622756958008,1
2019-01-20 11:32:39,"081",14,28.6574516296387,50.2563743591309,1
2019-01-20 11:44:10,"081",14,28.64035987854,50.2778511047363,1
2019-01-20 11:23:59,"079",14,28.6209297180176,50.2811393737793,1
2019-01-20 11:28:11,"079",14,28.641321182251,50.2774810791016,1
2019-01-20 11:28:20,"079",17,28.641321182251,50.2774810791016,1
2019-01-20 11:28:33,"079",14,28.641321182251,50.2774810791016,1
2019-01-20 11:44:39,"079",17,28.6580753326416,50.2525787353516,1
2019-01-20 12:12:27,"079",14,28.6488056182861,50.2450218200684,1
2019-01-20 12:22:45,"079",14,28.6573104858398,50.2564086914062,1
2019-01-20 13:31:24,"079",14,28.6481857299805,50.2702369689941,1
2019-01-20 13:31:38,"079",14,28.6482963562012,50.269115447998,1
2019-01-20 14:01:31,"079",32,28.6133193969727,50.2393074035645,1
2019-01-20 14:09:35,"079",14,28.6320953369141,50.245304107666,1
2019-01-20 14:09:37,"079",14,28.6344871520996,50.2453727722168,1
