"vehicle","route","chunk","start_datetime","end_datetime"
"077","1",0,2019-01-15 05:22:52,2019-01-15 05:22:52
"077","1",1,2019-01-15 05:47:10,2019-01-15 05:51:09
"077","1",2,2019-01-15 05:57:04,2019-01-15 05:57:30
"077","1",3,2019-01-15 06:31:25,2019-01-15 06:32:04
"077","1",4,2019-01-15 06:37:16,2019-01-15 06:41:01
"077","1",5,2019-01-15 07:02:26,2019-01-15 07:28:45
"077","1",6,2019-01-15 07:33:04,2019-01-15 07:44:25
"077","1",7,2019-01-15 07:47:44,2019-01-15 07:59:02
"077","1",8,2019-01-15 08:02:20,2019-01-15 08:19:39
"077","1",9,2019-01-15 08:26:55,2019-01-15 08:38:37
"077","1",10,2019-01-15 08:41:46,2019-01-15 09:02:12
"077","1",11,2019-01-15 09:13:18,2019-01-15 09:17:57
"077","1",12,2019-01-15 09:21:24,2019-01-15 09:26:57
"077","1",13,2019-01-15 09:30:52,2019-01-15 09:36:51
"077","1",14,2019-01-15 09:39:02,2019-01-15 09:49:31
"077","1",15,2019-01-15 10:10:55,2019-01-15 10:13:48
"077","1",16,2019-01-15 10:16:08,2019-01-15 10:21:16
"077","1",17,2019-01-15 10:32:19,2019-01-15 10:33:21
"077","1",18,2019-01-15 11:40:00,2019-01-15 11:40:05
"077","1",19,2019-01-15 12:29:44,2019-01-15 12:30:13
"077","1",20,2019-01-15 13:20:36,2019-01-15 13:20:46
"077","1",21,2019-01-15 13:45:29,2019-01-15 13:45:39
"077","1",22,2019-01-15 13:49:15,2019-01-15 13:49:24
"077","1",23,2019-01-15 14:10:13,2019-01-15 14:12:56
"077","1",24,2019-01-15 14:18:52,2019-01-15 14:20:43
"077","1",25,2019-01-15 14:39:34,2019-01-15 14:40:13
"077","1",26,2019-01-15 14:56:26,2019-01-15 15:24:00
"077","1",27,2019-01-15 15:30:22,2019-01-15 15:52:59
"077","1",28,2019-01-15 15:55:18,2019-01-15 16:09:33
"077","1",29,2019-01-15 16:20:09,2019-01-15 16:33:17
"077","1",30,2019-01-15 16:35:33,2019-01-15 17:01:24
"077","1",31,2019-01-15 17:07:55,2019-01-15 17:33:07
"077","1",32,2019-01-15 17:36:58,2019-01-15 17:55:58
"077","1",33,2019-01-15 17:59:56,2019-01-15 18:10:30
"077","1",34,2019-01-15 18:13:10,2019-01-15 18:19:31
"077","1",35,2019-01-15 18:22:06,2019-01-15 18:26:27
"077","1",36,2019-01-15 18:28:38,2019-01-15 18:38:14
"077","1",37,2019-01-15 18:43:28,2019-01-15 19:06:10
"077","1",38,2019-01-15 19:31:24,2019-01-15 19:32:59
"077","1",39,2019-01-15 19:36:04,2019-01-15 19:37:43
"078","9",0,2019-01-15 06:04:00,2019-01-15 06:04:00
"078","9",1,2019-01-15 07:07:31,2019-01-15 07:07:40
"078","9",2,2019-01-15 07:10:51,2019-01-15 07:17:26
"078","9",3,2019-01-15 09:56:36,2019-01-15 10:06:33
"078","9",4,2019-01-15 10:32:04,2019-01-15 10:32:13
"078","9",5,2019-01-15 10:34:47,2019-01-15 10:34:56
"078","9",6,2019-01-15 10:38:30,2019-01-15 10:39:08
"078","9",7,2019-01-15 10:44:46,2019-01-15 10:44:56
"078","9",8,2019-01-15 13:45:46,2019-01-15 13:50:53
"078","9",9,2019-01-15 19:00:54,2019-01-15 19:04:53
"078","9",10,2019-01-15 19:07:26,2019-01-15 19:12:56
"078","9",11,2019-01-15 19:30:50,2019-01-15 19:30:59
"078","9",12,2019-01-15 19:38:18,2019-01-15 19:41:25
"078","9",13,2019-01-15 19:45:50,2019-01-15 19:46:12
"079","8",0,2019-01-15 06:03:45,2019-01-15 06:08:16
"079","8",1,2019-01-15 06:19:47,2019-01-15 06:29:37
"079","8",2,2019-01-15 09:06:39,2019-01-15 09:21:29
"079","8",3,2019-01-15 09:56:00,2019-01-15 09:59:20
"079","8",4,2019-01-15 14:18:40,2019-01-15 14:29:00
"079","8",5,2019-01-15 16:56:08,2019-01-15 17:10:07
"079","8",6,2019-01-15 19:46:18,2019-01-15 19:46:47
"079","8",7,2019-01-15 21:52:46,2019-01-15 21:53:23
"079","8",8,2019-01-15 22:00:52,2019-01-15 22:02:53
"079","8",9,2019-01-16 00:00:23,2019-01-16 00:00:23
"082","1",0,2019-01-15 12:12:10,2019-01-15 12:12:55
"082","1",1,2019-01-15 15:03:38,2019-01-15 15:10:10
"082","1",2,2019-01-15 15:43:41,2019-01-15 15:44:01
"082","1",3,2019-01-15 16:03:49,2019-01-15 16:05:06
"082","1",4,2019-01-15 20:14:27,2019-01-15 20:17:25
"082","1",5,2019-01-15 20:21:46,2019-01-15 20:24:42
"082","1",6,2019-01-15 20:34:03,2019-01-15 20:34:13
"082","1",7,2019-01-15 21:29:07,2019-01-15 21:29:21
"082","1",8,2019-01-15 22:18:59,2019-01-15 22:19:16
"082","1",9,2019-01-16 00:00:28,2019-01-16 00:00:28
"082","1",10,2019-01-16 02:15:57,2019-01-16 02:16:16
"082","1",11,2019-01-16 02:25:44,2019-01-16 02:27:46
"082","1",12,2019-01-16 02:30:33,2019-01-16 02:30:49
"082","6",0,2019-01-15 05:36:51,2019-01-15 05:38:56
"082","6",1,2019-01-15 05:41:06,2019-01-15 05:49:12
"082","6",2,2019-01-15 06:19:06,2019-01-15 06:26:55
"082","6",3,2019-01-15 06:36:41,2019-01-15 06:38:56
"082","6",4,2019-01-15 06:45:02,2019-01-15 06:45:02
"082","6",5,2019-01-15 06:48:39,2019-01-15 06:50:42
"082","6",6,2019-01-15 07:03:00,2019-01-15 07:22:55
"082","6",7,2019-01-15 09:26:14,2019-01-15 09:27:50
"084","2",0,2019-01-15 05:13:08,2019-01-15 05:13:08
"084","2",1,2019-01-15 05:44:06,2019-01-15 05:46:00
"084","2",2,2019-01-15 09:14:46,2019-01-15 09:21:17
"084","2",3,2019-01-15 14:09:18,2019-01-15 14:11:01
"084","2",4,2019-01-15 19:20:11,2019-01-15 19:21:20
"084","2",5,2019-01-15 19:25:20,2019-01-15 19:29:49
"085","15A",0,2019-01-15 05:15:29,2019-01-15 05:16:56
"085","15A",1,2019-01-15 08:41:03,2019-01-15 08:41:16
"085","15A",2,2019-01-15 08:44:49,2019-01-15 08:45:03
"085","15A",3,2019-01-15 08:47:25,2019-01-15 08:48:26
"085","15A",4,2019-01-15 08:50:41,2019-01-15 08:50:57
"085","15A",5,2019-01-15 09:34:39,2019-01-15 09:36:52
"085","15A",6,2019-01-15 09:51:15,2019-01-15 09:53:12
"085","15A",7,2019-01-15 10:49:29,2019-01-15 10:51:02
"085","15A",8,2019-01-15 14:57:26,2019-01-15 14:57:36
"085","15A",9,2019-01-15 15:11:03,2019-01-15 15:12:41
"085","15A",10,2019-01-15 19:58:34,2019-01-15 20:00:44
"085","15A",11,2019-01-15 20:05:33,2019-01-15 20:08:07
"085","15A",12,2019-01-15 20:32:35,2019-01-15 20:32:45
"085","15A",13,2019-01-15 20:57:00,2019-01-15 20:57:18
"085","15A",14,2019-01-15 21:25:44,2019-01-15 21:25:57
"085","15A",15,2019-01-15 22:31:14,2019-01-15 22:31:59
"085","15A",16,2019-01-15 22:34:24,2019-01-15 22:34:55
"085","15A",17,2019-01-16 00:03:16,2019-01-16 00:03:16
"086","3",0,2019-01-15 05:12:54,2019-01-15 05:15:22
"086","3",1,2019-01-15 05:24:14,2019-01-15 05:31:46
"086","3",2,2019-01-15 06:13:40,2019-01-15 06:21:19
"086","3",3,2019-01-15 06:27:09,2019-01-15 06:37:05
"086","3",4,2019-01-15 07:01:12,2019-01-15 07:08:09
"086","3",5,2019-01-15 21:02:20,2019-01-15 21:08:08
"086","3",6,2019-01-15 21:12:10,2019-01-15 21:18:12
"086","3",7,2019-01-15 21:49:40,2019-01-15 21:51:15
"086","3",8,2019-01-15 21:58:49,2019-01-15 22:03:17
"086","3",9,2019-01-15 22:26:23,2019-01-15 22:26:42
"086","3",10,2019-01-15 23:01:24,2019-01-15 23:01:38
"086","3",11,2019-01-15 23:17:03,2019-01-15 23:17:25
"086","3",12,2019-01-15 23:20:57,2019-01-15 23:23:02
"086","3",13,2019-01-16 00:00:14,2019-01-16 00:00:14
"087","15A",0,2019-01-15 07:05:14,2019-01-15 07:05:35
"087","15A",1,2019-01-15 07:20:28,2019-01-15 07:22:04
"087","H5",0,2019-01-15 20:43:17,2019-01-15 20:58:26
"087","H5",1,2019-01-16 00:02:17,2019-01-16 00:25:43
"087","H5",2,2019-01-16 01:13:10,2019-01-16 01:13:20
"087","H5",3,2019-01-16 01:15:47,2019-01-16 01:15:59
"088","2",0,2019-01-15 06:41:47,2019-01-15 06:42:07
"088","2",1,2019-01-15 06:46:08,2019-01-15 06:47:24
"088","2",2,2019-01-15 18:50:00,2019-01-15 18:52:54
"088","2",3,2019-01-15 18:54:57,2019-01-15 18:58:00
"088","2",4,2019-01-15 21:56:56,2019-01-15 21:58:54
"088","2",5,2019-01-15 22:03:14,2019-01-15 22:04:14
"088","2",6,2019-01-15 22:06:23,2019-01-15 22:08:00
"088","2",7,2019-01-15 22:11:11,2019-01-15 22:11:41
"088","2",8,2019-01-16 00:00:02,2019-01-16 00:00:02
"090","10",0,2019-01-15 06:29:07,2019-01-15 06:29:07
"090","10",1,2019-01-15 06:33:05,2019-01-15 06:37:25
"090","10",2,2019-01-15 06:39:58,2019-01-15 06:46:01
"090","10",3,2019-01-15 09:56:30,2019-01-15 09:56:54
"090","10",4,2019-01-15 09:59:36,2019-01-15 10:09:19
"090","10",5,2019-01-15 10:13:17,2019-01-15 10:13:17
"090","10",6,2019-01-15 10:16:24,2019-01-15 10:16:31
"090","10",7,2019-01-15 10:20:29,2019-01-15 10:20:29
"090","10",8,2019-01-15 13:40:38,2019-01-15 13:42:50
"090","10",9,2019-01-15 13:44:57,2019-01-15 13:46:52
"090","10",10,2019-01-15 13:48:54,2019-01-15 13:53:31
"090","10",11,2019-01-15 16:41:12,2019-01-15 16:49:34
"090","10",12,2019-01-15 16:53:32,2019-01-15 16:53:32
"090","10",13,2019-01-15 16:56:14,2019-01-15 17:00:54
"090","10",14,2019-01-15 17:03:25,2019-01-15 17:06:00
"090","10",15,2019-01-15 17:13:03,2019-01-15 17:13:46
"090","10",16,2019-01-15 17:17:44,2019-01-15 17:24:32
"090","10",17,2019-01-15 17:26:58,2019-01-15 17:31:13
"090","10",18,2019-01-15 17:35:11,2019-01-15 17:35:11
"090","10",19,2019-01-15 20:55:36,2019-01-15 20:56:18
"090","10",20,2019-01-15 21:00:16,2019-01-15 21:00:16
"090","10",21,2019-01-16 00:02:51,2019-01-16 00:02:51
"094","9",0,2019-01-15 06:20:33,2019-01-15 06:20:43
"094","9",1,2019-01-15 06:23:23,2019-01-15 06:26:11
"094","9",2,2019-01-15 06:36:52,2019-01-15 06:42:55
"094","9",3,2019-01-15 09:20:46,2019-01-15 09:25:58
"094","9",4,2019-01-15 09:29:18,2019-01-15 09:34:41
"094","9",5,2019-01-15 14:24:04,2019-01-15 14:28:22
"094","9",6,2019-01-15 19:44:44,2019-01-15 19:48:48
"094","9",7,2019-01-15 19:54:53,2019-01-15 19:56:20
"094","9",8,2019-01-16 00:00:14,2019-01-16 00:00:14
"095","10",0,2019-01-15 05:53:00,2019-01-15 06:05:48
"095","10",1,2019-01-15 09:42:17,2019-01-15 09:57:25
"095","10",2,2019-01-15 14:37:39,2019-01-15 14:40:35
"095","10",3,2019-01-15 14:55:16,2019-01-15 15:05:58
"095","10",4,2019-01-15 19:48:56,2019-01-15 19:57:58
"095","10",5,2019-01-15 20:00:14,2019-01-15 20:04:46
"095","10",6,2019-01-16 00:00:09,2019-01-16 00:00:09
"097","10",0,2019-01-15 05:48:23,2019-01-15 05:59:04
"097","10",1,2019-01-15 08:25:28,2019-01-15 08:46:35
"097","10",2,2019-01-15 10:36:54,2019-01-15 10:47:35
"097","10",3,2019-01-15 11:49:34,2019-01-15 11:53:15
"097","10",4,2019-01-15 14:54:55,2019-01-15 14:55:58
"097","10",5,2019-01-15 15:42:02,2019-01-15 15:42:32
"097","2",0,2019-01-15 17:06:31,2019-01-15 17:09:25
"097","2",1,2019-01-15 17:19:55,2019-01-15 17:22:08
"097","2",2,2019-01-15 21:41:51,2019-01-15 21:44:02
"097","2",3,2019-01-15 21:50:56,2019-01-15 21:56:19
"097","2",4,2019-01-15 22:24:08,2019-01-15 22:24:57
"097","2",5,2019-01-15 22:55:44,2019-01-15 22:58:44
"097","2",6,2019-01-15 23:59:53,2019-01-16 00:00:26
"097","2",7,2019-01-16 02:38:55,2019-01-16 02:40:57
"098","6",0,2019-01-15 06:41:55,2019-01-15 06:42:18
"098","6",1,2019-01-15 13:40:56,2019-01-15 13:41:20
"098","6",2,2019-01-15 14:57:12,2019-01-15 14:57:22
"098","6",3,2019-01-15 14:59:41,2019-01-15 14:59:56
"098","6",4,2019-01-15 19:28:36,2019-01-15 19:28:45
"098","6",5,2019-01-15 19:39:42,2019-01-15 19:39:51
"098","6",6,2019-01-16 00:00:05,2019-01-16 00:00:05
"1006","4",0,2019-01-15 06:27:07,2019-01-15 06:30:20
"1006","4",1,2019-01-15 21:20:20,2019-01-15 21:22:42
"1006","H4",0,2019-01-15 23:18:05,2019-01-15 23:38:16
"1006","H4",1,2019-01-15 23:41:46,2019-01-15 23:47:58
"1006","H4",2,2019-01-16 00:00:29,2019-01-16 00:00:29
"101","10",0,2019-01-15 06:04:38,2019-01-15 06:04:38
"101","10",1,2019-01-15 06:36:17,2019-01-15 06:39:44
"101","10",2,2019-01-15 06:45:04,2019-01-15 06:45:14
"101","10",3,2019-01-15 06:47:20,2019-01-15 07:00:03
"101","10",4,2019-01-15 09:58:50,2019-01-15 10:14:56
"101","10",5,2019-01-15 13:52:54,2019-01-15 14:05:29
"101","10",6,2019-01-15 18:58:08,2019-01-15 19:08:49
"101","10",7,2019-01-15 19:11:38,2019-01-15 19:15:40
"101","10",8,2019-01-15 20:16:03,2019-01-15 20:16:51
"101","10",9,2019-01-15 20:40:47,2019-01-15 20:40:57
"101","10",10,2019-01-15 22:43:19,2019-01-15 22:44:43
"1017","3",0,2019-01-15 04:17:14,2019-01-15 04:17:44
"1017","3",1,2019-01-15 09:15:01,2019-01-15 09:23:14
"1017","3",2,2019-01-15 14:45:54,2019-01-15 14:46:24
"1017","3",3,2019-01-15 16:33:17,2019-01-15 16:36:08
"1017","3",4,2019-01-15 16:46:07,2019-01-15 16:46:38
"1017","3",5,2019-01-15 19:14:33,2019-01-15 19:17:01
"1017","3",6,2019-01-15 19:19:44,2019-01-15 19:24:22
"1028","3",0,2019-01-15 13:41:51,2019-01-15 13:41:51
"1028","3",1,2019-01-15 13:46:51,2019-01-15 13:46:51
"1028","3",2,2019-01-15 13:49:32,2019-01-15 13:49:32
"1028","3",3,2019-01-15 13:52:46,2019-01-15 13:54:15
"1028","3",4,2019-01-15 18:58:20,2019-01-15 18:59:05
"1028","3",5,2019-01-15 19:02:14,2019-01-15 19:05:16
"1028","3",6,2019-01-15 19:07:48,2019-01-15 19:07:48
"1028","3",7,2019-01-15 19:12:47,2019-01-15 19:12:47
"1028","3",8,2019-01-16 00:02:49,2019-01-16 00:02:49
"1032","2",0,2019-01-15 06:09:50,2019-01-15 06:12:59
"1032","H5",0,2019-01-15 23:27:50,2019-01-15 23:43:16
"1032","H5",1,2019-01-15 23:45:35,2019-01-15 23:50:11
"1032","H5",2,2019-01-15 23:52:41,2019-01-15 23:57:36
"1032","H5",3,2019-01-16 00:00:06,2019-01-16 00:00:06
"1032","H5",4,2019-01-16 02:43:54,2019-01-16 02:44:03
"1032","H5",5,2019-01-16 02:46:29,2019-01-16 02:47:45
"104","3",0,2019-01-15 07:14:44,2019-01-15 07:17:50
"104","3",1,2019-01-15 17:32:27,2019-01-15 17:34:42
"104","3",2,2019-01-15 18:07:19,2019-01-15 18:12:30
"104","3",3,2019-01-15 21:10:09,2019-01-15 21:11:46
"104","3",4,2019-01-16 00:00:23,2019-01-16 00:00:23
"1045","4",0,2019-01-15 09:40:22,2019-01-15 09:48:02
"1045","4",1,2019-01-15 14:42:38,2019-01-15 14:44:56
"1045","4",2,2019-01-15 19:20:40,2019-01-15 19:22:54
"1045","4",3,2019-01-15 19:25:20,2019-01-15 19:30:48
"1045","4",4,2019-01-15 20:25:08,2019-01-15 20:25:41
"1045","4",5,2019-01-15 20:45:30,2019-01-15 20:45:50
"1045","4",6,2019-01-15 21:15:43,2019-01-15 21:15:56
"1045","4",7,2019-01-15 21:48:09,2019-01-15 21:50:51
"1045","4",8,2019-01-16 00:00:13,2019-01-16 00:00:13
"1045","4",9,2019-01-16 03:55:38,2019-01-16 03:56:46
"1046","7A",0,2019-01-15 05:19:19,2019-01-15 05:30:39
"1046","7A",1,2019-01-15 10:15:19,2019-01-15 10:29:25
"1046","7A",2,2019-01-15 14:24:54,2019-01-15 14:25:14
"1046","7A",3,2019-01-15 14:31:04,2019-01-15 14:41:14
"1046","7A",4,2019-01-15 19:25:16,2019-01-15 19:34:16
"1046","7A",5,2019-01-15 19:40:46,2019-01-15 19:44:09
"1046","7A",6,2019-01-15 20:27:50,2019-01-15 20:28:08
"1046","7A",7,2019-01-15 23:49:52,2019-01-15 23:51:16
"1046","7A",8,2019-01-16 00:00:26,2019-01-16 00:00:26
"1050","8",0,2019-01-15 06:28:38,2019-01-15 06:29:13
"1050","8",1,2019-01-15 06:36:59,2019-01-15 06:37:29
"1050","8",2,2019-01-15 06:40:39,2019-01-15 06:50:41
"1050","8",3,2019-01-15 09:46:21,2019-01-15 09:46:21
"1050","8",4,2019-01-15 21:07:31,2019-01-15 21:16:49
"1050","8",5,2019-01-15 21:24:19,2019-01-15 21:24:57
"1050","8",6,2019-01-15 21:30:38,2019-01-15 21:34:10
"1050","8",7,2019-01-15 21:36:30,2019-01-15 21:36:50
"1050","8",8,2019-01-15 22:24:00,2019-01-15 22:24:13
"1050","8",9,2019-01-15 22:36:55,2019-01-15 22:37:32
"1050","8",10,2019-01-15 23:05:17,2019-01-15 23:06:50
"1050","8",11,2019-01-16 00:00:11,2019-01-16 00:00:11
"1051","2",0,2019-01-15 07:19:39,2019-01-15 07:21:14
"1051","2",1,2019-01-15 08:47:41,2019-01-15 08:50:04
"1051","2",2,2019-01-15 09:27:00,2019-01-15 09:29:07
"1051","2",3,2019-01-15 09:31:38,2019-01-15 09:33:19
"1051","2",4,2019-01-15 15:16:00,2019-01-15 15:16:09
"1051","2",5,2019-01-15 16:12:58,2019-01-15 16:14:14
"1051","2",6,2019-01-15 17:47:06,2019-01-15 17:53:13
"1051","5A",0,2019-01-15 23:49:15,2019-01-16 00:08:00
"1051","5A",1,2019-01-16 00:55:11,2019-01-16 00:59:50
"1051","5A",2,2019-01-16 03:09:03,2019-01-16 03:10:10
"1051","H5",0,2019-01-15 21:01:02,2019-01-15 21:02:13
"1058","2",0,2019-01-15 06:03:13,2019-01-15 06:03:13
"1058","2",1,2019-01-15 06:21:04,2019-01-15 06:21:13
"1058","2",2,2019-01-15 06:23:34,2019-01-15 06:24:59
"1058","2",3,2019-01-15 06:29:27,2019-01-15 06:35:04
"1058","3",0,2019-01-15 21:57:45,2019-01-15 21:59:28
"1058","3",1,2019-01-15 22:06:18,2019-01-15 22:10:59
"1058","5A",0,2019-01-15 06:44:04,2019-01-15 06:47:03
"106","2",0,2019-01-15 06:15:43,2019-01-15 06:17:20
"106","2",1,2019-01-15 06:19:50,2019-01-15 06:20:01
"106","2",2,2019-01-15 06:26:41,2019-01-15 06:28:11
"106","2",3,2019-01-15 07:34:31,2019-01-15 07:44:23
"106","2",4,2019-01-15 08:01:14,2019-01-15 08:08:38
"106","2",5,2019-01-15 08:10:52,2019-01-15 08:12:06
"106","2",6,2019-01-15 09:37:08,2019-01-15 09:37:58
"106","2",7,2019-01-15 09:55:38,2019-01-15 09:56:08
"106","2",8,2019-01-15 10:04:03,2019-01-15 10:06:33
"106","2",9,2019-01-15 10:53:06,2019-01-15 11:01:43
"106","2",10,2019-01-15 11:14:55,2019-01-15 11:24:28
"106","2",11,2019-01-15 11:35:28,2019-01-15 11:35:58
"106","2",12,2019-01-15 16:37:27,2019-01-15 16:37:38
"106","2",13,2019-01-15 16:51:18,2019-01-15 16:53:42
"1061","2",0,2019-01-15 06:25:03,2019-01-15 06:27:01
"1061","2",1,2019-01-15 11:12:57,2019-01-15 11:15:27
"1061","2",2,2019-01-15 11:30:08,2019-01-15 11:36:35
"1061","2",3,2019-01-16 00:00:10,2019-01-16 00:00:10
"1063","10",0,2019-01-15 05:34:06,2019-01-15 05:34:06
"1067","1",0,2019-01-15 20:54:27,2019-01-15 20:55:28
"1067","7A",0,2019-01-15 05:27:24,2019-01-15 05:27:24
"1067","7A",1,2019-01-15 06:02:32,2019-01-15 06:13:22
"1067","7A",2,2019-01-15 08:54:29,2019-01-15 08:59:12
"1067","7A",3,2019-01-15 09:05:35,2019-01-15 09:20:05
"1067","7A",4,2019-01-15 09:45:53,2019-01-15 09:46:03
"1067","7A",5,2019-01-15 11:44:12,2019-01-15 11:46:51
"1067","7A",6,2019-01-15 15:14:23,2019-01-15 15:24:48
"1067","7A",7,2019-01-15 16:23:07,2019-01-15 16:25:29
"1067","7A",8,2019-01-15 18:54:13,2019-01-15 19:06:14
"1067","7A",9,2019-01-15 19:17:14,2019-01-15 19:19:45
"1067","7A",10,2019-01-15 20:09:15,2019-01-15 20:15:49
"1067","H3",0,2019-01-15 21:08:27,2019-01-15 21:11:41
"1067","H3",1,2019-01-15 21:28:15,2019-01-15 21:31:13
"1067","H3",2,2019-01-15 22:14:17,2019-01-15 22:16:26
"1067","H3",3,2019-01-15 22:34:52,2019-01-15 22:36:25
"1067","H3",4,2019-01-15 23:23:11,2019-01-15 23:25:05
"1067","H3",5,2019-01-15 23:33:05,2019-01-15 23:34:45
"1067","H3",6,2019-01-15 23:36:59,2019-01-15 23:37:42
"1067","H3",7,2019-01-16 00:00:03,2019-01-16 00:00:03
"1068","5A",0,2019-01-15 06:37:17,2019-01-15 06:37:17
"1068","5A",1,2019-01-15 06:56:47,2019-01-15 07:22:49
"1068","5A",2,2019-01-15 13:37:55,2019-01-15 13:38:06
"1068","5A",3,2019-01-15 15:59:45,2019-01-15 16:08:55
"1068","5A",4,2019-01-15 16:12:57,2019-01-15 16:19:59
"1068","5A",5,2019-01-15 17:29:56,2019-01-15 17:57:38
"1069","7A",0,2019-01-15 05:29:19,2019-01-15 05:29:28
"1069","7A",1,2019-01-15 05:34:51,2019-01-15 05:44:37
"1069","7A",2,2019-01-15 10:29:11,2019-01-15 10:44:03
"1069","7A",3,2019-01-15 11:02:00,2019-01-15 11:02:09
"1069","8",0,2019-01-15 16:09:42,2019-01-15 16:09:52
"1069","8",1,2019-01-15 16:14:32,2019-01-15 16:14:42
"1069","8",2,2019-01-15 16:17:22,2019-01-15 16:34:54
"1069","8",3,2019-01-15 19:03:47,2019-01-15 19:12:56
"1069","8",4,2019-01-15 19:15:42,2019-01-15 19:16:32
"107","3",0,2019-01-15 06:15:53,2019-01-15 06:19:34
"107","3",1,2019-01-15 06:25:40,2019-01-15 06:27:10
"107","3",2,2019-01-15 09:58:38,2019-01-15 10:02:03
"107","3",3,2019-01-15 16:42:16,2019-01-15 16:50:07
"107","3",4,2019-01-15 20:43:04,2019-01-15 20:44:55
"107","3",5,2019-01-16 00:00:08,2019-01-16 00:00:08
"1070","4A",0,2019-01-15 06:23:06,2019-01-15 06:27:58
"1070","4A",1,2019-01-15 06:34:06,2019-01-15 06:34:16
"1070","4A",2,2019-01-15 06:36:46,2019-01-15 06:57:15
"1070","4A",3,2019-01-15 09:07:23,2019-01-15 09:28:12
"1070","4A",4,2019-01-15 09:49:49,2019-01-15 09:49:59
"1070","4A",5,2019-01-15 10:26:04,2019-01-15 10:26:14
"1070","4A",6,2019-01-15 14:32:03,2019-01-15 14:32:33
"1070","4A",7,2019-01-15 14:39:07,2019-01-15 14:40:07
"1070","4A",8,2019-01-15 15:09:07,2019-01-15 15:09:17
"1070","4A",9,2019-01-15 15:43:53,2019-01-15 15:46:13
"1070","4A",10,2019-01-15 16:06:09,2019-01-15 16:08:28
"1070","4A",11,2019-01-15 16:12:30,2019-01-15 16:21:01
"1070","4A",12,2019-01-15 16:30:22,2019-01-15 16:36:04
"1070","4A",13,2019-01-15 19:55:28,2019-01-15 20:13:30
"1070","4A",14,2019-01-15 20:16:20,2019-01-15 20:20:00
"1070","4A",15,2019-01-15 21:34:10,2019-01-15 21:38:01
"1070","4A",16,2019-01-16 00:06:33,2019-01-16 00:06:33
"1187","2",0,2019-01-15 05:13:00,2019-01-15 05:15:31
"1187","2",1,2019-01-15 10:22:51,2019-01-15 10:28:23
"1187","2",2,2019-01-15 10:32:26,2019-01-15 10:32:26
"1187","2",3,2019-01-15 14:56:29,2019-01-15 14:56:29
"1187","2",4,2019-01-15 15:00:32,2019-01-15 15:00:32
"1187","2",5,2019-01-15 15:17:48,2019-01-15 15:18:57
"1187","2",6,2019-01-15 19:08:22,2019-01-15 19:08:22
"1187","2",7,2019-01-15 20:23:02,2019-01-15 20:24:32
"1187","2",8,2019-01-15 20:28:35,2019-01-15 20:28:35
"1187","2",9,2019-01-15 20:37:07,2019-01-15 20:38:56
"1187","2",10,2019-01-15 20:41:32,2019-01-15 20:42:10
"1187","2",11,2019-01-15 20:46:13,2019-01-15 20:46:13
"1187","2",12,2019-01-16 00:00:59,2019-01-16 00:00:59
"1199","7A",0,2019-01-15 04:56:50,2019-01-15 04:57:01
"1199","7A",1,2019-01-15 05:19:09,2019-01-15 05:27:49
"1199","7A",2,2019-01-15 10:03:34,2019-01-15 10:17:30
"1199","7A",3,2019-01-15 10:19:34,2019-01-15 10:20:32
"1199","7A",4,2019-01-15 10:28:44,2019-01-15 10:30:42
"1199","7A",5,2019-01-15 10:57:22,2019-01-15 10:57:44
"1199","7A",6,2019-01-15 13:18:29,2019-01-15 13:18:57
"1199","7A",7,2019-01-15 13:46:38,2019-01-15 13:46:53
"1199","7A",8,2019-01-15 14:07:56,2019-01-15 14:12:08
"1199","7A",9,2019-01-15 14:18:23,2019-01-15 14:30:23
"1199","7A",10,2019-01-15 19:36:10,2019-01-15 19:46:27
"1199","7A",11,2019-01-15 19:49:16,2019-01-15 19:55:07
"1199","7A",12,2019-01-15 20:30:57,2019-01-15 20:31:27
"1199","7A",13,2019-01-15 20:53:06,2019-01-15 20:53:51
"1199","7A",14,2019-01-15 21:21:12,2019-01-15 21:21:32
"1199","7A",15,2019-01-15 22:11:00,2019-01-15 22:11:28
"1199","7A",16,2019-01-15 22:19:15,2019-01-15 22:21:42
"1199","7A",17,2019-01-16 00:00:13,2019-01-16 00:00:13
"1205","10",0,2019-01-15 05:12:31,2019-01-15 05:23:10
"1205","10",1,2019-01-15 10:09:03,2019-01-15 10:17:36
"1205","10",2,2019-01-15 10:21:00,2019-01-15 10:23:49
"1205","10",3,2019-01-15 10:27:48,2019-01-15 10:27:48
"1205","10",4,2019-01-15 14:07:33,2019-01-15 14:15:39
"1205","10",5,2019-01-15 14:17:53,2019-01-15 14:19:36
"1205","10",6,2019-01-15 19:08:42,2019-01-15 19:17:13
"1205","10",7,2019-01-15 19:20:34,2019-01-15 19:24:12
"1205","10",8,2019-01-15 19:28:11,2019-01-15 19:28:11
"1205","10",9,2019-01-15 20:17:16,2019-01-15 20:18:15
"1205","10",10,2019-01-15 20:22:15,2019-01-15 20:22:15
"1205","10",11,2019-01-15 20:42:08,2019-01-15 20:42:25
"1205","10",12,2019-01-15 20:46:25,2019-01-15 20:46:25
"1205","10",13,2019-01-15 21:57:18,2019-01-15 21:57:18
"1205","10",14,2019-01-15 22:01:18,2019-01-15 22:01:18
"1205","10",15,2019-01-15 22:50:29,2019-01-15 22:52:18
"1205","10",16,2019-01-15 22:56:18,2019-01-15 22:56:18
"1205","10",17,2019-01-16 00:04:18,2019-01-16 00:04:18
"1226","5A",0,2019-01-15 06:22:26,2019-01-15 06:40:54
"1226","5A",1,2019-01-15 09:48:31,2019-01-15 10:08:06
"1226","5A",2,2019-01-15 10:11:34,2019-01-15 10:11:34
"1226","5A",3,2019-01-15 10:15:55,2019-01-15 10:16:03
"1226","5A",4,2019-01-15 10:21:02,2019-01-15 10:21:02
"1226","5A",5,2019-01-15 13:29:20,2019-01-15 13:29:20
"1226","5A",6,2019-01-15 13:32:00,2019-01-15 13:54:10
"1226","5A",7,2019-01-15 19:21:42,2019-01-15 19:41:31
"1226","5A",8,2019-01-15 19:44:22,2019-01-15 19:44:22
"1226","5A",9,2019-01-15 19:47:13,2019-01-15 19:47:13
"1226","5A",10,2019-01-15 19:49:27,2019-01-15 19:49:57
"1226","5A",11,2019-01-15 19:54:56,2019-01-15 19:54:56
"1226","5A",12,2019-01-15 20:29:42,2019-01-15 20:29:48
"1226","5A",13,2019-01-15 20:34:47,2019-01-15 20:34:47
"1226","5A",14,2019-01-15 20:51:34,2019-01-15 20:51:34
"1226","5A",15,2019-01-15 20:56:33,2019-01-15 20:56:33
"1226","5A",16,2019-01-15 22:05:56,2019-01-15 22:05:58
"1226","5A",17,2019-01-15 22:10:57,2019-01-15 22:10:57
"1226","5A",18,2019-01-16 00:05:44,2019-01-16 00:05:44
"1226","5A",19,2019-01-16 02:17:23,2019-01-16 02:18:24
"1226","5A",20,2019-01-16 02:23:23,2019-01-16 02:23:23
"1227","8",0,2019-01-15 05:36:37,2019-01-15 05:49:50
"1227","8",1,2019-01-15 09:33:05,2019-01-15 09:45:49
"1227","8",2,2019-01-15 10:06:47,2019-01-15 10:07:19
"1227","8",3,2019-01-15 18:13:37,2019-01-15 18:16:51
"1227","8",4,2019-01-15 18:19:01,2019-01-15 18:21:10
"1228","10",0,2019-01-15 06:05:10,2019-01-15 06:05:39
"1228","10",1,2019-01-15 06:07:50,2019-01-15 06:16:42
"1228","10",2,2019-01-15 09:14:29,2019-01-15 09:27:08
"1228","10",3,2019-01-15 09:29:20,2019-01-15 09:29:49
"1228","10",4,2019-01-15 13:36:35,2019-01-15 13:38:09
"1228","10",5,2019-01-15 14:55:53,2019-01-15 14:56:41
"1228","10",6,2019-01-15 15:03:41,2019-01-15 15:15:14
"1228","10",7,2019-01-15 20:03:08,2019-01-15 20:20:54
"1228","10",8,2019-01-15 20:33:24,2019-01-15 20:33:54
"1228","10",9,2019-01-15 20:57:12,2019-01-15 20:57:56
"1228","10",10,2019-01-15 21:27:36,2019-01-15 21:28:10
"1228","10",11,2019-01-15 22:04:28,2019-01-15 22:05:02
"1228","10",12,2019-01-15 22:40:56,2019-01-15 22:42:31
"1228","10",13,2019-01-15 22:58:00,2019-01-15 22:58:00
"1228","10",14,2019-01-16 00:00:31,2019-01-16 00:00:31
"1238","2",0,2019-01-15 07:09:13,2019-01-15 07:09:13
"1238","2",1,2019-01-15 07:14:12,2019-01-15 07:14:12
"1238","2",2,2019-01-15 07:35:29,2019-01-15 07:36:11
"1238","2",3,2019-01-15 15:46:29,2019-01-15 15:46:29
"1238","8",0,2019-01-15 17:50:11,2019-01-15 17:55:25
"1238","8",1,2019-01-15 18:04:58,2019-01-15 18:06:22
"1238","8",2,2019-01-15 18:09:56,2019-01-15 18:09:56
"1238","8",3,2019-01-15 19:34:56,2019-01-15 19:46:27
"1238","8",4,2019-01-15 19:51:26,2019-01-15 19:55:56
"1238","8",5,2019-01-15 20:00:55,2019-01-15 20:00:55
"1238","8",6,2019-01-15 20:31:15,2019-01-15 20:31:15
"1238","8",7,2019-01-15 20:36:14,2019-01-15 20:36:14
"1238","8",8,2019-01-15 20:55:06,2019-01-15 20:55:26
"1238","8",9,2019-01-15 21:00:25,2019-01-15 21:00:25
"1238","8",10,2019-01-15 21:23:26,2019-01-15 21:23:57
"1238","8",11,2019-01-15 21:28:57,2019-01-15 21:28:57
"1238","8",12,2019-01-15 22:28:48,2019-01-15 22:29:43
"1238","8",13,2019-01-15 22:34:42,2019-01-15 22:34:42
"1238","8",14,2019-01-16 00:04:43,2019-01-16 00:04:43
"1240","15A",0,2019-01-15 06:07:28,2019-01-15 06:07:28
"1240","15A",1,2019-01-15 06:23:49,2019-01-15 06:26:23
"1240","15A",2,2019-01-15 06:32:03,2019-01-15 06:34:33
"1240","15A",3,2019-01-15 09:38:06,2019-01-15 09:44:29
"1240","15A",4,2019-01-15 09:51:39,2019-01-15 09:52:56
"1240","15A",5,2019-01-15 13:10:50,2019-01-15 13:10:59
"1240","15A",6,2019-01-15 13:13:53,2019-01-15 13:16:04
"1240","15A",7,2019-01-15 14:52:15,2019-01-15 14:53:47
"1240","15A",8,2019-01-15 19:44:19,2019-01-15 19:46:06
"1240","15A",9,2019-01-15 19:48:53,2019-01-15 19:52:41
"1254","7A",0,2019-01-15 05:58:25,2019-01-15 05:58:25
"1254","7A",1,2019-01-15 06:16:44,2019-01-15 06:28:02
"1254","7A",2,2019-01-15 09:23:34,2019-01-15 09:37:39
"1254","7A",3,2019-01-15 13:35:23,2019-01-15 13:46:08
"1254","7A",4,2019-01-15 18:31:33,2019-01-15 18:40:45
"1254","7A",5,2019-01-15 18:42:55,2019-01-15 18:46:55
"1254","7A",6,2019-01-15 21:04:44,2019-01-15 21:04:53
"1254","7A",7,2019-01-15 21:10:51,2019-01-15 21:11:12
"1254","7A",8,2019-01-15 21:14:20,2019-01-15 21:15:22
"1254","7A",9,2019-01-16 00:00:05,2019-01-16 00:00:05
"1268","3",0,2019-01-15 07:32:53,2019-01-15 07:36:26
"1268","3",1,2019-01-15 07:49:26,2019-01-15 07:50:53
"1268","3",2,2019-01-15 21:06:18,2019-01-15 21:07:47
"1268","3",3,2019-01-15 21:21:23,2019-01-15 21:25:35
"1268","3",4,2019-01-15 21:36:27,2019-01-15 21:36:56
"1268","3",5,2019-01-15 22:22:37,2019-01-15 22:23:12
"1268","3",6,2019-01-15 22:28:08,2019-01-15 22:28:40
"1268","3",7,2019-01-15 23:00:53,2019-01-15 23:02:22
"1268","3",8,2019-01-16 00:00:22,2019-01-16 00:00:22
"1270","3",0,2019-01-15 06:10:10,2019-01-15 06:13:51
"1270","3",1,2019-01-15 06:16:09,2019-01-15 06:18:10
"1270","3",2,2019-01-15 19:49:04,2019-01-15 19:52:28
"1270","3",3,2019-01-15 19:56:39,2019-01-15 19:58:24
"1270","H3",0,2019-01-15 23:52:08,2019-01-15 23:53:45
"1270","H3",1,2019-01-15 23:58:45,2019-01-15 23:58:45
"1270","H3",2,2019-01-16 00:01:59,2019-01-16 00:04:07
"1270","H3",3,2019-01-16 00:08:39,2019-01-16 00:10:42
"1270","H3",4,2019-01-16 00:15:42,2019-01-16 00:15:42
"1270","H3",5,2019-01-16 03:05:28,2019-01-16 03:06:15
"1270","H3",6,2019-01-16 03:11:14,2019-01-16 03:11:14
"1280","8",0,2019-01-15 05:49:12,2019-01-15 05:49:35
"1280","8",1,2019-01-15 05:54:34,2019-01-15 05:54:34
"1280","8",2,2019-01-15 05:58:43,2019-01-15 06:09:50
"1280","8",3,2019-01-15 20:49:29,2019-01-15 20:55:43
"1280","8",4,2019-01-15 20:58:30,2019-01-15 21:01:18
"1280","8",5,2019-01-15 21:05:53,2019-01-15 21:09:36
"1280","8",6,2019-01-15 21:14:36,2019-01-15 21:14:36
"1280","8",7,2019-01-16 00:04:36,2019-01-16 00:04:36
"1282","10",0,2019-01-15 06:15:29,2019-01-15 06:15:39
"1282","10",1,2019-01-15 06:24:50,2019-01-15 06:36:28
"1282","10",2,2019-01-15 09:54:56,2019-01-15 10:07:20
"1282","10",3,2019-01-15 10:09:42,2019-01-15 10:10:13
"1282","10",4,2019-01-15 13:26:03,2019-01-15 13:38:45
"1282","10",5,2019-01-15 18:34:15,2019-01-15 18:43:41
"1282","10",6,2019-01-15 18:49:56,2019-01-15 18:53:23
"1282","10",7,2019-01-15 20:10:10,2019-01-15 20:10:22
"1282","10",8,2019-01-15 21:18:31,2019-01-15 21:19:54
"1282","10",9,2019-01-16 00:00:01,2019-01-16 00:00:01
"1282","15A",0,2019-01-15 06:09:14,2019-01-15 06:09:24
"1285","10",0,2019-01-15 14:46:34,2019-01-15 14:55:34
"1285","10",1,2019-01-15 19:35:12,2019-01-15 19:45:24
"1285","10",2,2019-01-15 19:47:54,2019-01-15 19:48:43
"1285","3",0,2019-01-15 06:03:20,2019-01-15 06:03:30
"1285","3",1,2019-01-15 06:14:20,2019-01-15 06:18:14
"1285","3",2,2019-01-15 06:34:08,2019-01-15 06:42:25
"1285","6",0,2019-01-15 10:12:39,2019-01-15 10:26:30
"1673TH","53",0,2019-01-15 05:15:05,2019-01-15 05:15:39
"1673TH","53",1,2019-01-15 05:18:15,2019-01-15 05:18:39
"1673TH","53",2,2019-01-15 05:21:54,2019-01-15 05:24:36
"1673TH","53",3,2019-01-15 05:36:05,2019-01-15 05:38:08
"1673TH","53",4,2019-01-15 22:10:25,2019-01-15 22:11:12
"1673TH","53",5,2019-01-15 22:15:26,2019-01-15 22:15:39
"1673TH","53",6,2019-01-16 00:00:48,2019-01-16 00:00:48
"1674TH","53",0,2019-01-15 06:08:51,2019-01-15 06:09:21
"1674TH","53",1,2019-01-15 06:16:54,2019-01-15 06:17:24
"1674TH","53",2,2019-01-15 06:28:19,2019-01-15 06:30:03
"1674TH","53",3,2019-01-15 06:41:49,2019-01-15 06:43:19
"1674TH","53",4,2019-01-15 10:54:30,2019-01-15 10:54:30
"1674TH","53",5,2019-01-15 23:16:38,2019-01-15 23:17:30
"1674TH","53",6,2019-01-15 23:54:52,2019-01-15 23:55:15
"1674TH","53",7,2019-01-16 00:00:00,2019-01-16 00:00:00
"1674TH","53",8,2019-01-16 00:05:22,2019-01-16 00:06:11
"1675TH","53A",0,2019-01-15 05:18:40,2019-01-15 05:24:18
"1675TH","53A",1,2019-01-15 05:31:51,2019-01-15 05:33:09
"1675TH","53A",2,2019-01-15 05:40:48,2019-01-15 05:41:04
"1675TH","53A",3,2019-01-15 10:31:30,2019-01-15 10:31:50
"1675TH","53A",4,2019-01-15 19:09:51,2019-01-15 19:10:14
"1675TH","53A",5,2019-01-15 22:23:35,2019-01-15 22:24:20
"1675TH","53A",6,2019-01-15 22:27:59,2019-01-15 22:28:08
"1675TH","53A",7,2019-01-15 22:48:05,2019-01-15 22:48:51
"1675TH","53A",8,2019-01-16 00:00:02,2019-01-16 00:00:02
"1676TH","53A",0,2019-01-15 05:18:55,2019-01-15 05:19:12
"1676TH","53A",1,2019-01-15 05:27:39,2019-01-15 05:28:01
"1676TH","53A",2,2019-01-15 05:35:16,2019-01-15 05:35:39
"1676TH","53A",3,2019-01-15 05:43:21,2019-01-15 05:45:43
"1676TH","53A",4,2019-01-15 05:55:16,2019-01-15 05:57:06
"1676TH","53A",5,2019-01-15 22:35:17,2019-01-15 22:36:23
"1676TH","53A",6,2019-01-15 22:52:25,2019-01-15 22:52:38
"1676TH","53A",7,2019-01-16 00:00:14,2019-01-16 00:00:14
"1677TH","53A",0,2019-01-15 05:40:46,2019-01-15 05:41:13
"1677TH","53A",1,2019-01-15 05:54:51,2019-01-15 05:55:14
"1677TH","53A",2,2019-01-15 06:03:58,2019-01-15 06:05:25
"1677TH","53A",3,2019-01-15 06:13:17,2019-01-15 06:16:48
"1677TH","53A",4,2019-01-15 19:31:18,2019-01-15 19:31:46
"1677TH","53A",5,2019-01-15 22:50:06,2019-01-15 22:51:44
"1677TH","53A",6,2019-01-15 23:31:11,2019-01-15 23:31:21
"1677TH","53A",7,2019-01-16 00:00:20,2019-01-16 00:00:20
"1678TH","53A",0,2019-01-15 05:40:39,2019-01-15 05:41:25
"1678TH","53A",1,2019-01-15 05:47:26,2019-01-15 05:50:36
"1678TH","53A",2,2019-01-15 06:00:18,2019-01-15 06:02:29
"1678TH","53A",3,2019-01-15 06:09:09,2019-01-15 06:10:47
"1678TH","53A",4,2019-01-15 12:06:40,2019-01-15 12:06:52
"1678TH","53A",5,2019-01-15 14:03:00,2019-01-15 14:03:00
"1678TH","53A",6,2019-01-15 19:43:04,2019-01-15 19:43:19
"1678TH","53A",7,2019-01-15 23:02:56,2019-01-15 23:03:42
"1678TH","53A",8,2019-01-15 23:43:03,2019-01-15 23:43:19
"1678TH","53A",9,2019-01-16 00:00:21,2019-01-16 00:00:21
"1679TH","53A",0,2019-01-15 05:27:28,2019-01-15 05:28:32
"1679TH","53A",1,2019-01-15 05:31:01,2019-01-15 05:33:40
"1679TH","53A",2,2019-01-15 05:40:18,2019-01-15 05:42:43
"1679TH","53A",3,2019-01-15 23:17:16,2019-01-15 23:18:02
"1679TH","53A",4,2019-01-16 00:00:09,2019-01-16 00:00:09
"1679TH","53A",5,2019-01-16 00:06:39,2019-01-16 00:07:07
"1680TH","53A",0,2019-01-15 05:13:45,2019-01-15 05:13:54
"1680TH","53A",1,2019-01-15 06:08:13,2019-01-15 06:08:57
"1680TH","53A",2,2019-01-15 06:20:51,2019-01-15 06:22:19
"1680TH","53A",3,2019-01-15 06:27:51,2019-01-15 06:29:42
"1680TH","53A",4,2019-01-15 06:32:35,2019-01-15 06:32:48
"1680TH","53A",5,2019-01-15 06:39:15,2019-01-15 06:39:29
"1680TH","53A",6,2019-01-15 09:38:04,2019-01-15 09:38:16
"1680TH","53A",7,2019-01-15 09:40:47,2019-01-15 09:40:47
"1680TH","53A",8,2019-01-15 19:59:41,2019-01-15 20:00:51
"1680TH","53A",9,2019-01-15 22:01:59,2019-01-15 22:02:49
"1680TH","53A",10,2019-01-15 22:15:02,2019-01-15 22:15:48
"1680TH","53A",11,2019-01-16 00:01:00,2019-01-16 00:01:00
"1681TH","53A",0,2019-01-15 05:20:10,2019-01-15 05:25:12
"1681TH","53A",1,2019-01-15 05:37:22,2019-01-15 05:39:29
"1681TH","53A",2,2019-01-15 05:55:09,2019-01-15 05:55:22
"1681TH","53A",3,2019-01-15 22:15:27,2019-01-15 22:16:22
"1681TH","53A",4,2019-01-15 22:24:24,2019-01-15 22:24:35
"1681TH","53A",5,2019-01-15 22:37:05,2019-01-15 22:37:35
"1681TH","53A",6,2019-01-16 00:00:01,2019-01-16 00:00:01
"1682TH","53",0,2019-01-15 05:26:19,2019-01-15 05:26:28
"1682TH","53",1,2019-01-15 05:49:16,2019-01-15 05:50:23
"1682TH","53",2,2019-01-15 05:53:27,2019-01-15 05:58:06
"1682TH","53",3,2019-01-15 06:05:12,2019-01-15 06:07:11
"1682TH","53",4,2019-01-15 06:19:22,2019-01-15 06:19:46
"1682TH","53",5,2019-01-15 11:48:26,2019-01-15 11:50:51
"1682TH","53",6,2019-01-15 13:11:03,2019-01-15 13:12:40
"1682TH","53",7,2019-01-15 16:24:54,2019-01-15 16:25:13
"1682TH","53",8,2019-01-15 17:03:11,2019-01-15 17:03:30
"1682TH","53",9,2019-01-15 17:07:52,2019-01-15 17:10:21
"1682TH","53",10,2019-01-16 00:00:06,2019-01-16 00:00:06
"1683TH","53",0,2019-01-15 06:04:52,2019-01-15 06:06:07
"1683TH","53",1,2019-01-15 06:09:10,2019-01-15 06:09:19
"1683TH","53",2,2019-01-15 06:15:56,2019-01-15 06:17:08
"1683TH","53",3,2019-01-15 10:38:00,2019-01-15 10:38:00
"1683TH","53",4,2019-01-15 11:03:19,2019-01-15 11:03:24
"1683TH","53",5,2019-01-15 19:36:16,2019-01-15 19:36:50
"1683TH","53",6,2019-01-15 22:57:07,2019-01-15 22:57:52
"1683TH","53",7,2019-01-15 23:31:24,2019-01-15 23:32:31
"1683TH","53",8,2019-01-15 23:44:07,2019-01-15 23:44:38
"1683TH","53",9,2019-01-16 00:00:38,2019-01-16 00:00:38
"1685TH","53",0,2019-01-15 05:24:49,2019-01-15 05:25:08
"1685TH","53",1,2019-01-15 05:43:18,2019-01-15 05:45:18
"1685TH","53",2,2019-01-15 05:53:00,2019-01-15 05:54:37
"1685TH","53",3,2019-01-15 10:08:16,2019-01-15 10:08:26
"1685TH","53",4,2019-01-15 13:54:42,2019-01-15 13:54:42
"1685TH","53",5,2019-01-15 13:57:13,2019-01-15 13:57:27
"1685TH","53",6,2019-01-15 15:23:43,2019-01-15 15:30:31
"1685TH","53",7,2019-01-15 22:27:15,2019-01-15 22:28:02
"1685TH","53",8,2019-01-15 22:48:12,2019-01-15 22:48:26
"1685TH","53",9,2019-01-16 00:00:09,2019-01-16 00:00:09
"1686TH","53",0,2019-01-15 05:43:37,2019-01-15 05:45:35
"1686TH","53",1,2019-01-15 05:59:49,2019-01-15 06:00:29
"1686TH","53",2,2019-01-15 06:04:19,2019-01-15 06:05:49
"1686TH","53",3,2019-01-15 06:20:53,2019-01-15 06:21:47
"1686TH","53",4,2019-01-15 10:03:18,2019-01-15 10:03:22
"1686TH","53",5,2019-01-15 21:11:26,2019-01-15 21:11:42
"1686TH","53",6,2019-01-15 22:40:09,2019-01-15 22:40:48
"1686TH","53",7,2019-01-15 22:46:47,2019-01-15 22:49:53
"1686TH","53",8,2019-01-15 22:58:38,2019-01-15 22:59:26
"1686TH","53",9,2019-01-15 23:05:03,2019-01-15 23:05:16
"1686TH","53",10,2019-01-16 00:00:07,2019-01-16 00:00:07
"1688TH","53",0,2019-01-15 05:10:32,2019-01-15 05:14:15
"1688TH","53",1,2019-01-15 05:22:42,2019-01-15 05:23:54
"1688TH","53",2,2019-01-15 09:20:25,2019-01-15 09:20:35
"1688TH","53",3,2019-01-15 19:49:30,2019-01-15 19:51:13
"1688TH","53",4,2019-01-15 23:08:52,2019-01-15 23:09:37
"1688TH","53",5,2019-01-15 23:22:26,2019-01-15 23:22:53
"1688TH","53",6,2019-01-16 00:00:17,2019-01-16 00:00:17
"1688TH","53",7,2019-01-16 00:20:40,2019-01-16 00:21:05
"2007","1",0,2019-01-15 06:43:06,2019-01-15 07:01:40
"2007","1",1,2019-01-15 09:18:55,2019-01-15 09:23:56
"2007","1",2,2019-01-15 10:06:17,2019-01-15 10:08:33
"2007","1",3,2019-01-15 21:05:38,2019-01-15 21:07:52
"2007","1",4,2019-01-15 21:14:27,2019-01-15 21:19:27
"2007","1",5,2019-01-16 00:00:29,2019-01-16 00:00:29
"2007","15A",0,2019-01-15 06:13:29,2019-01-15 06:16:16
"2012","2",0,2019-01-15 13:54:26,2019-01-15 13:55:07
"2012","2",1,2019-01-15 19:01:01,2019-01-15 19:02:43
"2012","2",2,2019-01-15 19:07:13,2019-01-15 19:08:49
"2012","2",3,2019-01-16 00:02:22,2019-01-16 00:02:22
"2012","3",0,2019-01-15 05:23:19,2019-01-15 05:26:17
"2012","3",1,2019-01-15 10:31:03,2019-01-15 10:36:08
"2018","2",0,2019-01-15 06:04:38,2019-01-15 06:06:12
"2018","2",1,2019-01-15 09:29:37,2019-01-15 09:35:12
"2018","2",2,2019-01-15 09:40:12,2019-01-15 09:40:12
"2018","2",3,2019-01-15 14:27:12,2019-01-15 14:27:15
"2018","2",4,2019-01-15 14:29:59,2019-01-15 14:31:27
"2018","2",5,2019-01-15 19:33:38,2019-01-15 19:33:38
"2018","2",6,2019-01-15 19:38:38,2019-01-15 19:38:38
"2018","2",7,2019-01-15 19:43:50,2019-01-15 19:44:50
"2018","2",8,2019-01-15 19:49:50,2019-01-15 19:49:50
"2018","2",9,2019-01-16 00:04:51,2019-01-16 00:04:51
"2026","12",0,2019-01-15 06:38:24,2019-01-15 06:38:34
"2026","12",1,2019-01-15 06:41:41,2019-01-15 07:02:29
"2026","12",2,2019-01-15 20:29:58,2019-01-15 20:50:55
"2026","12",3,2019-01-15 20:59:29,2019-01-15 21:04:30
"2026","12",4,2019-01-16 00:00:03,2019-01-16 00:00:03
"2027","15A",0,2019-01-15 05:54:02,2019-01-15 05:58:02
"2027","15A",1,2019-01-15 08:58:55,2019-01-15 09:03:59
"2027","15A",2,2019-01-15 09:07:22,2019-01-15 09:08:41
"2027","15A",3,2019-01-15 14:13:49,2019-01-15 14:15:31
"2027","15A",4,2019-01-15 19:00:43,2019-01-15 19:02:37
"2027","15A",5,2019-01-15 19:06:29,2019-01-15 19:09:43
"2027","15A",6,2019-01-15 20:14:19,2019-01-15 20:15:13
"2027","15A",7,2019-01-15 22:35:54,2019-01-15 22:37:31
"2027","15A",8,2019-01-16 00:00:33,2019-01-16 00:00:33
"2033","1",0,2019-01-15 06:10:26,2019-01-15 06:13:15
"2033","1",1,2019-01-15 08:11:58,2019-01-15 08:13:10
"2033","1",2,2019-01-15 09:38:25,2019-01-15 09:53:08
"2033","15A",0,2019-01-15 14:23:00,2019-01-15 14:23:43
"2033","15A",1,2019-01-15 14:27:00,2019-01-15 14:28:36
"2033","15A",2,2019-01-15 14:33:50,2019-01-15 14:35:26
"2033","15A",3,2019-01-15 16:19:24,2019-01-15 16:21:25
"2033","15A",4,2019-01-15 19:19:34,2019-01-15 19:21:07
"2033","15A",5,2019-01-15 19:24:14,2019-01-15 19:27:35
"2033","15A",6,2019-01-15 20:22:56,2019-01-15 20:23:11
"2033","15A",7,2019-01-16 00:00:14,2019-01-16 00:00:14
"2034","4",0,2019-01-15 06:09:55,2019-01-15 06:10:05
"2034","4",1,2019-01-15 06:12:41,2019-01-15 06:15:06
"2034","4",2,2019-01-15 09:13:10,2019-01-15 09:19:17
"2034","4",3,2019-01-15 11:06:13,2019-01-15 11:07:28
"2034","4",4,2019-01-15 14:17:54,2019-01-15 14:18:14
"2034","4",5,2019-01-15 14:20:51,2019-01-15 14:22:15
"2034","4",6,2019-01-15 20:29:18,2019-01-15 20:30:55
"2034","4",7,2019-01-15 20:40:59,2019-01-15 20:44:49
"2034","7A",0,2019-01-16 03:34:49,2019-01-16 03:34:49
"2042","4",0,2019-01-15 06:35:33,2019-01-15 06:41:09
"2042","4",1,2019-01-15 21:08:01,2019-01-15 21:09:30
"2042","4",2,2019-01-15 21:22:53,2019-01-15 21:27:24
"2042","4",3,2019-01-16 00:00:07,2019-01-16 00:00:07
"2043","4",0,2019-01-15 07:25:09,2019-01-15 07:26:09
"2043","4",1,2019-01-15 07:41:20,2019-01-15 07:42:33
"2043","H4",0,2019-01-15 20:26:04,2019-01-15 20:57:35
"2043","H4",1,2019-01-15 23:49:29,2019-01-16 00:10:46
"2043","H4",2,2019-01-16 01:02:13,2019-01-16 01:07:25
"2043","H4",3,2019-01-16 02:34:25,2019-01-16 02:34:59
"2048","1",0,2019-01-15 06:30:43,2019-01-15 06:30:43
"2048","1",1,2019-01-15 06:34:47,2019-01-15 06:34:47
"2048","1",2,2019-01-15 06:55:07,2019-01-15 06:55:44
"2048","7A",0,2019-01-15 16:31:08,2019-01-15 16:31:08
"2048","7A",1,2019-01-15 16:35:00,2019-01-15 16:40:47
"2048","7A",2,2019-01-15 19:39:07,2019-01-15 19:39:19
"2048","7A",3,2019-01-15 19:41:29,2019-01-15 19:43:39
"2048","7A",4,2019-01-15 19:45:43,2019-01-15 19:47:21
"2048","7A",5,2019-01-15 19:51:25,2019-01-15 19:51:25
"2048","7A",6,2019-01-15 19:54:52,2019-01-15 19:55:44
"2048","7A",7,2019-01-15 19:59:48,2019-01-15 19:59:48
"2048","7A",8,2019-01-16 00:08:22,2019-01-16 00:08:22
"2049","15A",0,2019-01-15 05:57:38,2019-01-15 05:57:38
"2049","15A",1,2019-01-15 06:21:44,2019-01-15 06:21:54
"2049","15A",2,2019-01-15 06:24:34,2019-01-15 06:27:13
"2049","15A",3,2019-01-15 11:49:10,2019-01-15 11:55:44
"2049","15A",4,2019-01-15 12:02:57,2019-01-15 12:05:53
"2049","15A",5,2019-01-15 15:10:16,2019-01-15 15:10:36
"2049","15A",6,2019-01-15 21:02:58,2019-01-15 21:04:38
"2049","15A",7,2019-01-15 21:13:19,2019-01-15 21:20:18
"2059","1",0,2019-01-15 07:13:30,2019-01-15 07:13:40
"2059","1",1,2019-01-15 07:24:40,2019-01-15 07:26:31
"2059","1",2,2019-01-15 07:54:06,2019-01-15 08:02:08
"2059","1",3,2019-01-15 08:28:41,2019-01-15 08:32:36
"2059","1",4,2019-01-15 10:55:28,2019-01-15 10:56:31
"2059","1",5,2019-01-15 11:04:45,2019-01-15 11:05:15
"2059","1",6,2019-01-15 11:23:12,2019-01-15 11:31:40
"2059","1",7,2019-01-15 13:27:11,2019-01-15 13:27:20
"2059","1",8,2019-01-15 16:26:03,2019-01-15 16:27:43
"2059","1",9,2019-01-15 16:30:32,2019-01-15 16:32:08
"2059","1",10,2019-01-15 17:01:37,2019-01-15 17:06:24
"2059","1",11,2019-01-15 18:44:01,2019-01-15 18:44:01
"2059","1",12,2019-01-15 20:52:28,2019-01-15 20:53:09
"2059","H2",0,2019-01-15 21:39:45,2019-01-15 21:42:44
"2059","H2",1,2019-01-15 21:45:08,2019-01-15 21:46:01
"2059","H2",2,2019-01-15 23:20:06,2019-01-15 23:20:36
"2059","H2",3,2019-01-15 23:22:45,2019-01-15 23:24:20
"2059","H2",4,2019-01-15 23:26:50,2019-01-15 23:31:52
"2059","H2",5,2019-01-15 23:54:27,2019-01-15 23:56:14
"2059","H2",6,2019-01-16 00:00:24,2019-01-16 00:00:24
"2064","15A",0,2019-01-15 06:47:31,2019-01-15 06:47:31
"2064","15A",1,2019-01-15 16:49:47,2019-01-15 16:50:05
"2064","15A",2,2019-01-15 16:52:42,2019-01-15 16:52:42
"2064","15A",3,2019-01-15 16:55:37,2019-01-15 16:55:37
"2064","15A",4,2019-01-15 17:00:36,2019-01-15 17:00:36
"2064","15A",5,2019-01-15 20:29:51,2019-01-15 20:29:51
"2064","15A",6,2019-01-15 20:32:57,2019-01-15 20:34:44
"2064","15A",7,2019-01-15 20:39:43,2019-01-15 20:39:43
"2064","15A",8,2019-01-16 00:09:09,2019-01-16 00:09:09
"2065","4A",0,2019-01-15 05:48:31,2019-01-15 05:49:05
"2065","4A",1,2019-01-15 05:56:45,2019-01-15 06:11:27
"2065","4A",2,2019-01-15 09:20:59,2019-01-15 09:46:51
"2065","4A",3,2019-01-15 15:24:37,2019-01-15 15:43:32
"2065","4A",4,2019-01-15 20:03:09,2019-01-15 20:18:50
"2065","4A",5,2019-01-15 20:23:20,2019-01-15 20:24:54
"2065","4A",6,2019-01-15 20:31:25,2019-01-15 20:37:12
"2065","4A",7,2019-01-16 00:00:44,2019-01-16 00:00:44
"2073","2",0,2019-01-15 07:40:41,2019-01-15 07:42:00
"2073","2",1,2019-01-15 07:53:05,2019-01-15 07:54:14
"2073","2",2,2019-01-15 08:04:02,2019-01-15 08:06:14
"2073","2",3,2019-01-15 08:49:27,2019-01-15 08:51:17
"2073","2",4,2019-01-15 08:57:11,2019-01-15 08:58:24
"2073","2",5,2019-01-15 09:00:30,2019-01-15 09:02:00
"2073","2",6,2019-01-15 09:07:18,2019-01-15 09:08:37
"2073","2",7,2019-01-15 17:15:49,2019-01-15 17:18:58
"2073","2",8,2019-01-15 17:23:12,2019-01-15 17:24:21
"2074","1",0,2019-01-15 05:47:44,2019-01-15 05:53:54
"2074","1",1,2019-01-15 05:58:17,2019-01-15 06:04:37
"2074","1",2,2019-01-15 15:25:56,2019-01-15 15:27:23
"2074","1",3,2019-01-15 15:30:23,2019-01-15 15:34:51
"2074","1",4,2019-01-15 17:46:02,2019-01-15 17:47:25
"2074","1",5,2019-01-15 17:55:26,2019-01-15 17:55:36
"2075","1",0,2019-01-15 06:20:44,2019-01-15 06:20:44
"2075","1",1,2019-01-15 06:45:53,2019-01-15 06:46:03
"2075","1",2,2019-01-15 07:02:19,2019-01-15 07:02:40
"2075","1",3,2019-01-15 09:11:49,2019-01-15 09:15:43
"2075","1",4,2019-01-15 09:19:38,2019-01-15 09:19:52
"2075","1",5,2019-01-16 02:31:59,2019-01-16 02:31:59
"2075","1",6,2019-01-16 02:55:35,2019-01-16 02:55:45
"2076","4",0,2019-01-15 06:07:12,2019-01-15 06:07:12
"2076","4",1,2019-01-15 06:37:33,2019-01-15 06:40:06
"2076","4",2,2019-01-15 06:56:14,2019-01-15 07:01:03
"2076","4",3,2019-01-15 07:05:11,2019-01-15 07:06:51
"2076","4",4,2019-01-15 16:49:33,2019-01-15 16:59:42
"2076","4",5,2019-01-15 17:03:27,2019-01-15 17:04:05
"2076","4",6,2019-01-15 20:50:03,2019-01-15 20:50:33
"2076","4",7,2019-01-15 21:26:15,2019-01-15 21:27:12
"2076","4",8,2019-01-16 00:00:44,2019-01-16 00:00:44
"2076","4",9,2019-01-16 02:47:38,2019-01-16 02:50:07
"2209","1",0,2019-01-15 06:44:02,2019-01-15 06:44:32
"2209","1",1,2019-01-15 06:46:47,2019-01-15 06:49:08
"2209","1",2,2019-01-15 20:05:57,2019-01-15 20:07:26
"2209","1",3,2019-01-15 20:12:36,2019-01-15 20:14:03
"2209","1",4,2019-01-16 00:00:05,2019-01-16 00:00:05
"2213","1",0,2019-01-15 06:38:47,2019-01-15 06:44:38
"2213","1",1,2019-01-15 20:39:10,2019-01-15 20:39:30
"2213","1",2,2019-01-15 20:44:46,2019-01-15 20:45:44
"2213","1",3,2019-01-15 20:50:22,2019-01-15 20:53:57
"2213","1",4,2019-01-15 21:31:05,2019-01-15 21:31:23
"2213","1",5,2019-01-15 22:20:32,2019-01-15 22:20:41
"2213","1",6,2019-01-15 22:52:00,2019-01-15 22:53:36
"2213","1",7,2019-01-16 00:00:26,2019-01-16 00:00:26
"2222","12",0,2019-01-15 06:41:16,2019-01-15 06:43:23
"2222","12",1,2019-01-15 06:49:09,2019-01-15 06:49:25
"2222","12",2,2019-01-15 06:55:54,2019-01-15 07:22:36
"2222","12",3,2019-01-15 09:31:19,2019-01-15 09:59:08
"2222","12",4,2019-01-15 10:03:03,2019-01-15 10:03:24
"2222","12",5,2019-01-15 11:11:28,2019-01-15 11:11:53
"2222","12",6,2019-01-15 13:04:38,2019-01-15 13:06:43
"2222","12",7,2019-01-15 15:09:50,2019-01-15 15:10:18
"2222","12",8,2019-01-15 15:20:34,2019-01-15 15:22:05
"2222","12",9,2019-01-15 15:29:58,2019-01-15 15:30:29
"2222","12",10,2019-01-15 15:37:30,2019-01-15 15:37:50
"2222","12",11,2019-01-15 15:48:40,2019-01-15 16:11:22
"2222","12",12,2019-01-15 19:11:40,2019-01-15 19:18:32
"2222","12",13,2019-01-15 19:20:59,2019-01-15 19:33:32
"2222","12",14,2019-01-15 19:37:07,2019-01-15 19:41:04
"2222","12",15,2019-01-16 00:06:07,2019-01-16 00:06:07
"2229","4",0,2019-01-15 05:29:31,2019-01-15 05:35:18
"2229","4",1,2019-01-15 05:43:18,2019-01-15 05:44:54
"2229","4",2,2019-01-15 10:22:26,2019-01-15 10:27:36
"2229","4",3,2019-01-15 10:34:33,2019-01-15 10:35:13
"2229","4",4,2019-01-15 11:00:39,2019-01-15 11:01:09
"2229","4",5,2019-01-15 15:41:47,2019-01-15 15:44:15
"2229","4",6,2019-01-15 15:53:24,2019-01-15 15:54:50
"2229","4",7,2019-01-15 16:17:49,2019-01-15 16:28:28
"2229","4",8,2019-01-15 20:00:38,2019-01-15 20:02:07
"2229","4",9,2019-01-15 20:06:08,2019-01-15 20:10:32
"2231","1",0,2019-01-15 06:29:06,2019-01-15 06:30:27
"2231","1",1,2019-01-15 06:33:07,2019-01-15 06:33:54
"2231","1",2,2019-01-15 06:40:25,2019-01-15 06:40:35
"2231","1",3,2019-01-15 19:27:06,2019-01-15 19:27:46
"2231","1",4,2019-01-15 19:31:07,2019-01-15 19:32:31
"2231","1",5,2019-01-15 19:35:49,2019-01-15 19:40:01
"2231","1",6,2019-01-15 20:26:56,2019-01-15 20:27:32
"2231","1",7,2019-01-15 20:47:22,2019-01-15 20:47:37
"2231","1",8,2019-01-15 23:42:36,2019-01-15 23:42:45
"2231","1",9,2019-01-15 23:48:00,2019-01-15 23:49:55
"2231","1",10,2019-01-16 00:00:05,2019-01-16 00:00:05
"2241","4A",0,2019-01-15 06:15:35,2019-01-15 06:35:33
"2241","4A",1,2019-01-15 09:51:08,2019-01-15 10:06:48
"2241","4A",2,2019-01-15 10:09:56,2019-01-15 10:13:43
"2241","4A",3,2019-01-15 11:24:22,2019-01-15 11:25:00
"2241","4A",4,2019-01-15 14:03:17,2019-01-15 14:03:26
"2241","4A",5,2019-01-15 15:54:39,2019-01-15 15:54:50
"2241","4A",6,2019-01-15 16:15:09,2019-01-15 16:15:18
"2241","4A",7,2019-01-15 16:17:33,2019-01-15 16:21:25
"2241","4A",8,2019-01-15 16:24:32,2019-01-15 16:49:11
"2241","4A",9,2019-01-15 19:47:24,2019-01-15 20:02:47
"2241","4A",10,2019-01-15 20:07:53,2019-01-15 20:08:38
"2241","4A",11,2019-01-16 00:00:13,2019-01-16 00:00:13
"2243","15A",0,2019-01-15 07:02:33,2019-01-15 07:03:13
"2243","15A",1,2019-01-15 07:24:33,2019-01-15 07:25:58
"2243","15A",2,2019-01-15 09:40:11,2019-01-15 09:49:12
"2243","15A",3,2019-01-15 11:32:49,2019-01-15 11:34:56
"2243","15A",4,2019-01-15 13:11:39,2019-01-15 13:17:02
"2243","15A",5,2019-01-15 15:26:13,2019-01-15 15:37:52
"2243","15A",6,2019-01-15 19:49:02,2019-01-15 19:50:19
"2243","H5",0,2019-01-15 21:25:14,2019-01-15 21:27:49
"2243","H5",1,2019-01-15 23:19:24,2019-01-15 23:38:46
"2243","H5",2,2019-01-15 23:41:06,2019-01-15 23:43:13
"2243","H5",3,2019-01-15 23:47:54,2019-01-15 23:52:42
"2243","H5",4,2019-01-16 00:00:03,2019-01-16 00:00:03
"2243","H5",5,2019-01-16 02:22:09,2019-01-16 02:23:32
"2250","4A",0,2019-01-15 05:59:47,2019-01-15 06:02:03
"2250","4A",1,2019-01-15 06:04:46,2019-01-15 06:21:48
"2250","4A",2,2019-01-15 06:44:14,2019-01-15 06:52:29
"2250","4A",3,2019-01-15 07:11:26,2019-01-15 07:11:29
"2250","4A",4,2019-01-15 07:46:51,2019-01-15 07:49:09
"2250","4A",5,2019-01-15 08:32:33,2019-01-15 08:48:55
"2250","4A",6,2019-01-15 08:51:09,2019-01-15 08:57:00
"2250","4A",7,2019-01-15 10:10:13,2019-01-15 10:11:56
"2250","4A",8,2019-01-15 15:17:23,2019-01-15 15:20:57
"2250","4A",9,2019-01-15 15:24:30,2019-01-15 15:25:00
"2250","4A",10,2019-01-15 15:35:38,2019-01-15 16:00:29
"2250","4A",11,2019-01-15 19:15:01,2019-01-15 19:32:52
"2250","4A",12,2019-01-15 19:36:20,2019-01-15 19:37:20
"2250","4A",13,2019-01-16 00:00:21,2019-01-16 00:00:21
"2263","3",0,2019-01-15 06:17:54,2019-01-15 06:18:04
"2263","3",1,2019-01-15 06:23:43,2019-01-15 06:26:38
"2263","3",2,2019-01-15 09:45:17,2019-01-15 09:52:26
"2263","3",3,2019-01-15 14:43:58,2019-01-15 14:45:43
"2263","3",4,2019-01-15 19:54:44,2019-01-15 19:56:44
"2263","3",5,2019-01-15 19:59:30,2019-01-15 20:03:44
"2272","5A",0,2019-01-15 06:31:03,2019-01-15 06:31:31
"2272","5A",1,2019-01-15 06:49:21,2019-01-15 06:49:31
"2272","5A",2,2019-01-15 06:56:41,2019-01-15 07:20:10
"2272","5A",3,2019-01-15 20:57:13,2019-01-15 21:17:13
"2272","5A",4,2019-01-15 21:28:12,2019-01-15 21:28:53
"2272","5A",5,2019-01-15 21:35:33,2019-01-15 21:39:23
"2272","5A",6,2019-01-15 22:24:14,2019-01-15 22:24:24
"2272","5A",7,2019-01-15 22:44:52,2019-01-15 22:45:19
"2272","5A",8,2019-01-15 23:06:59,2019-01-15 23:09:01
"2272","5A",9,2019-01-16 00:00:02,2019-01-16 00:00:02
"2275","1",0,2019-01-15 15:42:38,2019-01-15 15:45:04
"2275","1",1,2019-01-15 15:50:34,2019-01-15 15:57:46
"2275","1",2,2019-01-15 16:06:00,2019-01-15 16:06:11
"2275","1",3,2019-01-15 16:43:28,2019-01-15 16:43:38
"2275","1",4,2019-01-15 19:59:21,2019-01-15 20:01:00
"2275","1",5,2019-01-16 00:00:14,2019-01-16 00:00:14
"2275","6",0,2019-01-15 05:15:32,2019-01-15 05:26:35
"2275","6",1,2019-01-15 09:12:08,2019-01-15 09:16:21
"2277","15A",0,2019-01-15 07:04:50,2019-01-15 07:05:53
"2277","15A",1,2019-01-15 21:42:10,2019-01-15 21:43:09
"2277","15A",2,2019-01-16 00:01:10,2019-01-16 00:01:10
"2288","2",0,2019-01-15 12:56:54,2019-01-15 12:57:04
"2288","2",1,2019-01-15 13:01:44,2019-01-15 13:03:01
"2288","2",2,2019-01-15 16:50:11,2019-01-15 16:52:18
"2288","2",3,2019-01-15 19:52:23,2019-01-15 19:55:58
"2288","2",4,2019-01-15 19:58:43,2019-01-15 20:03:10
"2288","3",0,2019-01-15 10:15:02,2019-01-15 10:21:12
"2290","15A",0,2019-01-15 04:09:21,2019-01-15 04:11:24
"2290","15A",1,2019-01-15 08:55:12,2019-01-15 08:57:41
"2290","15A",2,2019-01-15 09:00:41,2019-01-15 09:02:56
"2290","15A",3,2019-01-15 09:07:56,2019-01-15 09:07:56
"2290","15A",4,2019-01-15 10:43:22,2019-01-15 10:46:23
"2290","15A",5,2019-01-15 10:51:23,2019-01-15 10:51:23
"2290","15A",6,2019-01-15 13:51:10,2019-01-15 13:53:01
"2290","15A",7,2019-01-15 18:40:58,2019-01-15 18:41:33
"2290","15A",8,2019-01-15 18:44:49,2019-01-15 18:47:50
"2290","15A",9,2019-01-15 18:52:50,2019-01-15 18:52:50
"2290","15A",10,2019-01-16 00:07:52,2019-01-16 00:07:52
"525","1",0,2019-01-15 06:05:40,2019-01-15 06:05:40
"525","1",1,2019-01-15 06:26:20,2019-01-15 06:31:02
"525","1",2,2019-01-15 08:04:11,2019-01-15 08:06:25
"525","1",3,2019-01-15 08:13:25,2019-01-15 08:14:59
"525","1",4,2019-01-15 08:17:28,2019-01-15 08:22:20
"525","1",5,2019-01-15 09:36:28,2019-01-15 09:37:26
"525","1",6,2019-01-15 11:44:22,2019-01-15 11:46:28
"525","1",7,2019-01-15 11:50:07,2019-01-15 11:51:57
"525","1",8,2019-01-15 11:55:39,2019-01-15 11:56:29
"525","1",9,2019-01-15 13:04:56,2019-01-15 13:05:06
"525","1",10,2019-01-15 19:23:48,2019-01-15 19:25:56
"525","1",11,2019-01-15 19:52:00,2019-01-15 19:53:52
"530","5A",0,2019-01-15 04:01:16,2019-01-15 04:01:46
"530","5A",1,2019-01-15 04:04:04,2019-01-15 04:04:51
"530","5A",2,2019-01-15 04:18:39,2019-01-15 04:18:40
"530","5A",3,2019-01-15 04:22:06,2019-01-15 04:22:06
"530","5A",4,2019-01-15 04:25:33,2019-01-15 04:25:33
"530","5A",5,2019-01-15 05:45:03,2019-01-15 05:45:03
"530","5A",6,2019-01-15 06:27:43,2019-01-15 06:52:44
"530","5A",7,2019-01-15 20:23:37,2019-01-15 20:46:30
"530","5A",8,2019-01-15 20:52:28,2019-01-15 20:56:36
"530","5A",9,2019-01-15 20:59:36,2019-01-15 21:00:06
"530","5A",10,2019-01-15 21:32:22,2019-01-15 21:32:52
"530","5A",11,2019-01-15 22:20:50,2019-01-15 22:21:25
"530","5A",12,2019-01-15 22:57:17,2019-01-15 22:57:51
"530","5A",13,2019-01-16 00:08:51,2019-01-16 00:08:51
"530","5A",14,2019-01-16 02:34:50,2019-01-16 02:38:57
"531","1",0,2019-01-15 09:10:48,2019-01-15 09:15:40
"531","1",1,2019-01-15 09:22:51,2019-01-15 09:24:36
"531","1",2,2019-01-15 18:19:50,2019-01-15 18:21:26
"531","1",3,2019-01-15 18:24:33,2019-01-15 18:25:49
"531","2",0,2019-01-15 05:15:00,2019-01-15 05:15:00
"531","2",1,2019-01-15 05:28:14,2019-01-15 05:30:06
"531","2",2,2019-01-15 08:59:54,2019-01-15 09:01:08
"535","3",0,2019-01-16 03:17:13,2019-01-16 03:17:13
"535","3",1,2019-01-16 03:33:50,2019-01-16 03:35:36
"535","3",2,2019-01-16 03:47:31,2019-01-16 03:56:39
"535","5A",0,2019-01-15 05:25:24,2019-01-15 05:25:54
"535","5A",1,2019-01-15 05:42:34,2019-01-15 05:42:44
"535","5A",2,2019-01-15 05:47:05,2019-01-15 05:48:59
"535","5A",3,2019-01-15 05:51:09,2019-01-15 06:09:19
"535","5A",4,2019-01-15 09:22:16,2019-01-15 09:47:52
"535","5A",5,2019-01-15 09:56:28,2019-01-15 09:56:48
"535","5A",6,2019-01-15 14:23:30,2019-01-15 14:23:44
"535","5A",7,2019-01-15 14:26:45,2019-01-15 14:27:05
"535","5A",8,2019-01-15 14:36:58,2019-01-15 14:37:55
"535","5A",9,2019-01-15 14:39:59,2019-01-15 15:02:53
"535","5A",10,2019-01-15 19:53:54,2019-01-15 20:18:21
"535","5A",11,2019-01-15 20:20:59,2019-01-15 20:27:20
"537","3",0,2019-01-15 05:56:35,2019-01-15 05:56:35
"537","3",1,2019-01-15 06:01:34,2019-01-15 06:03:16
"537","3",2,2019-01-15 13:13:43,2019-01-15 13:13:43
"537","3",3,2019-01-15 19:33:05,2019-01-15 19:33:05
"537","3",4,2019-01-15 19:38:04,2019-01-15 19:38:04
"537","3",5,2019-01-15 19:41:14,2019-01-15 19:44:50
"537","3",6,2019-01-15 19:49:50,2019-01-15 19:49:50
"537","3",7,2019-01-15 20:29:20,2019-01-15 20:29:23
"537","3",8,2019-01-15 20:34:23,2019-01-15 20:34:23
"537","3",9,2019-01-15 20:49:53,2019-01-15 20:50:18
"537","3",10,2019-01-15 20:55:17,2019-01-15 20:55:17
"537","3",11,2019-01-15 21:48:12,2019-01-15 21:48:12
"537","3",12,2019-01-15 21:53:12,2019-01-15 21:53:12
"537","3",13,2019-01-15 22:06:50,2019-01-15 22:07:00
"537","3",14,2019-01-15 22:09:33,2019-01-15 22:09:40
"537","3",15,2019-01-15 22:14:40,2019-01-15 22:14:40
"537","3",16,2019-01-16 00:04:40,2019-01-16 00:04:40
