"vehicle","chunk","direction","stop_id","fraction","start_datetime","transactions","group"
"1070",0,1,970,0.926963200691372,2018-11-25 09:10:05,23,"7-1070-0"
"1070",1,1,971,0.991787376313525,2018-11-25 09:10:32,0,"7-1070-0"
"1070",2,1,972,0.999647714901935,2018-11-25 09:10:40,0,"7-1070-0"
"1070",3,0,938,0,2018-11-25 09:10:50,0,"7-1070-1"
"1070",4,0,939,0.0781472099169385,2018-11-25 09:15:02,7,"7-1070-1"
"1070",5,0,940,0.162172731510807,2018-11-25 09:17:52,13,"7-1070-1"
"1070",6,0,941,0.21082938934141,2018-11-25 09:20:22,4,"7-1070-1"
"1070",7,0,942,0.305119574824107,2018-11-25 09:23:52,2,"7-1070-1"
"1070",8,0,943,0.331714712050445,2018-11-25 09:25:32,5,"7-1070-1"
"1070",9,0,944,0.401874836092755,2018-11-25 09:28:47,7,"7-1070-1"
"1070",10,0,945,0.469780473312989,2018-11-25 09:33:52,2,"7-1070-1"
"1070",11,0,946,0.550752094010052,2018-11-25 09:38:16,1,"7-1070-1"
"1070",12,0,947,0.6383380913274,2018-11-25 09:42:12,0,"7-1070-1"
"1070",13,0,948,0.72679922614409,2018-11-25 09:44:52,1,"7-1070-1"
"1070",14,0,949,0.751798762916103,2018-11-25 09:46:02,0,"7-1070-1"
"1070",15,0,950,0.805367375886954,2018-11-25 09:48:04,2,"7-1070-1"
"1070",16,0,951,0.852538132275359,2018-11-25 09:49:21,0,"7-1070-1"
"1070",17,0,952,0.916685663204101,2018-11-25 09:51:07,0,"7-1070-1"
"1070",18,0,953,0.9658315220227,2018-11-25 09:52:37,0,"7-1070-1"
"1070",19,0,954,0.999741490658489,2018-11-25 09:53:42,0,"7-1070-1"
"1070",20,1,955,0,2018-11-25 09:53:57,0,"7-1070-2"
"1070",21,1,956,0.0837272437781558,2018-11-25 09:57:16,4,"7-1070-2"
"1070",22,1,957,0.140933915521022,2018-11-25 09:58:51,9,"7-1070-2"
"1070",23,1,958,0.187491477260499,2018-11-25 10:00:16,4,"7-1070-2"
"1070",24,1,959,0.223235190196409,2018-11-25 10:01:22,1,"7-1070-2"
"1070",25,1,960,0.296637935921497,2018-11-25 10:05:51,3,"7-1070-2"
"1070",26,1,961,0.335830107243686,2018-11-25 10:08:49,14,"7-1070-2"
"1187",0,1,970,0.926963200691372,2018-11-25 10:09:45,10,"7-1187-0"
"1070",27,1,962,0.389965762848403,2018-11-25 10:11:13,7,"7-1070-2"
"1006",0,1,970,0.926963200691372,2018-11-25 10:14:29,17,"7-1006-0"
"1006",1,1,971,0.991787376313525,2018-11-25 10:14:53,0,"7-1006-0"
"1006",2,1,972,0.999647714901935,2018-11-25 10:15:01,0,"7-1006-0"
"1006",3,0,938,0,2018-11-25 10:15:28,0,"7-1006-1"
"1070",28,1,963,0.488237129099738,2018-11-25 10:16:05,6,"7-1070-2"
"1070",29,1,964,0.529489586274043,2018-11-25 10:17:41,4,"7-1070-2"
"1006",4,0,939,0.0781472099169385,2018-11-25 10:19:27,6,"7-1006-1"
"1070",30,1,965,0.575261911957733,2018-11-25 10:19:36,5,"7-1070-2"
"1006",5,0,940,0.162172731510807,2018-11-25 10:21:27,9,"7-1006-1"
"1070",31,1,966,0.633579186712223,2018-11-25 10:21:46,3,"7-1070-2"
"1006",6,0,941,0.21082938934141,2018-11-25 10:22:52,7,"7-1006-1"
"1070",32,1,967,0.724950436281226,2018-11-25 10:24:36,12,"7-1070-2"
"1006",7,0,942,0.305119574824107,2018-11-25 10:25:07,11,"7-1006-1"
"1006",8,0,943,0.331714712050445,2018-11-25 10:25:47,0,"7-1006-1"
"1070",33,1,968,0.803712573297778,2018-11-25 10:26:31,2,"7-1070-2"
"1006",9,0,944,0.401874836092755,2018-11-25 10:27:57,3,"7-1006-1"
"1070",34,1,969,0.85278294633429,2018-11-25 10:28:28,1,"7-1070-2"
"1006",10,0,945,0.469780473312989,2018-11-25 10:29:32,4,"7-1006-1"
"1070",35,1,970,0.926963200691372,2018-11-25 10:30:58,0,"7-1070-2"
"1070",36,1,971,0.991787376313525,2018-11-25 10:33:27,0,"7-1070-2"
"1006",11,0,946,0.550752094010052,2018-11-25 10:33:29,2,"7-1006-1"
"1070",37,1,972,0.999647714901935,2018-11-25 10:33:35,0,"7-1070-2"
"1070",38,0,938,0,2018-11-25 10:33:44,0,"7-1070-3"
"1006",12,0,947,0.6383380913274,2018-11-25 10:36:08,0,"7-1006-1"
"1006",13,0,948,0.72679922614409,2018-11-25 10:38:03,0,"7-1006-1"
"1070",39,0,939,0.0781472099169385,2018-11-25 10:38:24,23,"7-1070-3"
"1006",14,0,949,0.751798762916103,2018-11-25 10:39:09,0,"7-1006-1"
"1070",40,0,940,0.162172731510807,2018-11-25 10:40:34,9,"7-1070-3"
"1006",15,0,950,0.805367375886954,2018-11-25 10:40:52,0,"7-1006-1"
"1070",41,0,941,0.21082938934141,2018-11-25 10:42:04,6,"7-1070-3"
"1006",16,0,951,0.852538132275359,2018-11-25 10:42:10,0,"7-1006-1"
"1006",17,0,952,0.916685663204101,2018-11-25 10:43:31,0,"7-1006-1"
"1070",42,0,942,0.305119574824107,2018-11-25 10:44:14,1,"7-1070-3"
"1006",18,0,953,0.9658315220227,2018-11-25 10:44:41,0,"7-1006-1"
"1070",43,0,943,0.331714712050445,2018-11-25 10:45:04,1,"7-1070-3"
"1006",19,0,954,0.999741490658489,2018-11-25 10:46:06,0,"7-1006-1"
"1006",20,1,955,0,2018-11-25 10:46:31,2,"7-1006-2"
"1070",44,0,944,0.401874836092755,2018-11-25 10:46:54,3,"7-1070-3"
"1006",21,1,956,0.0837272437781558,2018-11-25 10:49:43,6,"7-1006-2"
"1070",45,0,945,0.469780473312989,2018-11-25 10:49:44,5,"7-1070-3"
"079",0,1,970,0.926963200691372,2018-11-25 10:50:41,11,"7-079-0"
"1187",1,1,970,0.926963200691372,2018-11-25 10:51:01,1,"7-1187-0"
"1006",22,1,957,0.140933915521022,2018-11-25 10:51:03,8,"7-1006-2"
"079",1,1,971,0.991787376313525,2018-11-25 10:51:55,0,"7-079-0"
"1187",2,0,938,0,2018-11-25 10:52:10,3,"7-1187-1"
"079",2,1,972,0.999647714901935,2018-11-25 10:52:18,0,"7-079-0"
"1006",23,1,958,0.187491477260499,2018-11-25 10:52:18,6,"7-1006-2"
"079",3,1,970,0.926963200691372,2018-11-25 10:52:27,0,"7-079-1"
"1070",46,0,946,0.550752094010052,2018-11-25 10:52:31,2,"7-1070-3"
"1006",24,1,959,0.223235190196409,2018-11-25 10:53:18,5,"7-1006-2"
"1187",3,0,939,0.0781472099169385,2018-11-25 10:55:27,7,"7-1187-1"
"1070",47,0,947,0.6383380913274,2018-11-25 10:55:36,1,"7-1070-3"
"1006",25,1,960,0.296637935921497,2018-11-25 10:55:38,9,"7-1006-2"
"1187",4,0,940,0.162172731510807,2018-11-25 10:57:10,4,"7-1187-1"
"1006",26,1,961,0.335830107243686,2018-11-25 10:57:26,5,"7-1006-2"
"1070",48,0,948,0.72679922614409,2018-11-25 10:57:50,0,"7-1070-3"
"1187",5,0,941,0.21082938934141,2018-11-25 10:58:31,0,"7-1187-1"
"1070",49,0,949,0.751798762916103,2018-11-25 10:59:15,0,"7-1070-3"
"1006",27,1,962,0.389965762848403,2018-11-25 10:59:32,5,"7-1006-2"
"1187",6,0,942,0.305119574824107,2018-11-25 11:00:48,3,"7-1187-1"
"1070",50,0,950,0.805367375886954,2018-11-25 11:01:03,1,"7-1070-3"
"1187",7,0,943,0.331714712050445,2018-11-25 11:02:13,6,"7-1187-1"
"1070",51,0,951,0.852538132275359,2018-11-25 11:02:19,0,"7-1070-3"
"1070",52,0,952,0.916685663204101,2018-11-25 11:03:29,0,"7-1070-3"
"1187",8,0,944,0.401874836092755,2018-11-25 11:04:38,1,"7-1187-1"
"1070",53,0,953,0.9658315220227,2018-11-25 11:04:39,0,"7-1070-3"
"1070",54,0,954,0.999741490658489,2018-11-25 11:05:37,0,"7-1070-3"
"1187",9,0,945,0.469780473312989,2018-11-25 11:05:48,1,"7-1187-1"
"1070",55,1,955,0,2018-11-25 11:05:57,1,"7-1070-4"
"1070",56,1,956,0.0837272437781558,2018-11-25 11:08:50,10,"7-1070-4"
"1070",57,1,957,0.140933915521022,2018-11-25 11:10:20,7,"7-1070-4"
"1070",58,1,958,0.187491477260499,2018-11-25 11:11:40,4,"7-1070-4"
"1070",59,1,959,0.223235190196409,2018-11-25 11:12:36,1,"7-1070-4"
"1187",10,0,946,0.550752094010052,2018-11-25 11:12:49,0,"7-1187-1"
"1187",11,0,947,0.6383380913274,2018-11-25 11:15:43,0,"7-1187-1"
"1070",60,1,960,0.296637935921497,2018-11-25 11:15:57,1,"7-1070-4"
"1070",61,1,961,0.335830107243686,2018-11-25 11:17:28,5,"7-1070-4"
"1187",12,0,948,0.72679922614409,2018-11-25 11:18:31,0,"7-1187-1"
"1187",13,0,949,0.751798762916103,2018-11-25 11:19:32,0,"7-1187-1"
"1006",28,1,962,0.389965762848403,2018-11-25 11:19:52,17,"7-1006-2"
"1187",14,0,950,0.805367375886954,2018-11-25 11:20:49,0,"7-1187-1"
"1070",62,1,962,0.389965762848403,2018-11-25 11:21:39,6,"7-1070-4"
"1006",29,1,963,0.488237129099738,2018-11-25 11:21:52,2,"7-1006-2"
"079",4,1,970,0.926963200691372,2018-11-25 11:22:02,0,"7-079-1"
"1187",15,0,951,0.852538132275359,2018-11-25 11:22:07,0,"7-1187-1"
"1187",16,0,952,0.916685663204101,2018-11-25 11:23:20,0,"7-1187-1"
"079",5,1,971,0.991787376313525,2018-11-25 11:23:28,0,"7-079-1"
"1187",17,0,953,0.9658315220227,2018-11-25 11:24:12,0,"7-1187-1"
"079",6,1,972,0.999647714901935,2018-11-25 11:24:28,0,"7-079-1"
"1187",18,0,954,0.999741490658489,2018-11-25 11:24:59,0,"7-1187-1"
"1006",30,1,964,0.529489586274043,2018-11-25 11:25:17,10,"7-1006-2"
"1187",19,1,955,0,2018-11-25 11:25:21,1,"7-1187-2"
"079",7,0,938,0,2018-11-25 11:25:28,4,"7-079-2"
"1070",63,1,963,0.488237129099738,2018-11-25 11:27:13,2,"7-1070-4"
"1006",31,1,965,0.575261911957733,2018-11-25 11:27:42,2,"7-1006-2"
"1187",20,1,956,0.0837272437781558,2018-11-25 11:28:03,3,"7-1187-2"
"1070",64,1,964,0.529489586274043,2018-11-25 11:29:02,6,"7-1070-4"
"079",8,0,939,0.0781472099169385,2018-11-25 11:29:15,14,"7-079-2"
"1006",32,1,966,0.633579186712223,2018-11-25 11:29:42,1,"7-1006-2"
"1070",65,1,965,0.575261911957733,2018-11-25 11:30:52,2,"7-1070-4"
"079",9,0,940,0.162172731510807,2018-11-25 11:31:07,12,"7-079-2"
"1187",21,1,958,0.187491477260499,2018-11-25 11:31:34,12,"7-1187-2"
"1187",22,1,959,0.223235190196409,2018-11-25 11:32:18,5,"7-1187-2"
"079",10,0,941,0.21082938934141,2018-11-25 11:32:22,3,"7-079-2"
"1006",33,1,967,0.724950436281226,2018-11-25 11:32:32,6,"7-1006-2"
"1070",66,1,966,0.633579186712223,2018-11-25 11:32:52,2,"7-1070-4"
"1006",34,1,968,0.803712573297778,2018-11-25 11:35:07,0,"7-1006-2"
"079",11,0,942,0.305119574824107,2018-11-25 11:35:13,10,"7-079-2"
"1070",67,1,967,0.724950436281226,2018-11-25 11:35:22,0,"7-1070-4"
"1187",23,1,960,0.296637935921497,2018-11-25 11:35:47,1,"7-1187-2"
"079",12,0,943,0.331714712050445,2018-11-25 11:36:14,2,"7-079-2"
"1006",35,1,969,0.85278294633429,2018-11-25 11:36:27,0,"7-1006-2"
"1187",24,1,961,0.335830107243686,2018-11-25 11:37:00,5,"7-1187-2"
"1070",68,1,968,0.803712573297778,2018-11-25 11:37:42,0,"7-1070-4"
"079",13,0,944,0.401874836092755,2018-11-25 11:38:33,3,"7-079-2"
"1187",25,1,962,0.389965762848403,2018-11-25 11:38:42,5,"7-1187-2"
"1006",36,1,970,0.926963200691372,2018-11-25 11:38:59,0,"7-1006-2"
"1070",69,1,969,0.85278294633429,2018-11-25 11:39:12,0,"7-1070-4"
"1006",37,1,971,0.991787376313525,2018-11-25 11:40:56,0,"7-1006-2"
"1006",38,1,972,0.999647714901935,2018-11-25 11:41:02,0,"7-1006-2"
"079",14,0,945,0.469780473312989,2018-11-25 11:41:06,5,"7-079-2"
"1006",39,0,938,0,2018-11-25 11:41:11,0,"7-1006-3"
"1070",70,1,970,0.926963200691372,2018-11-25 11:41:52,0,"7-1070-4"
"1187",26,1,963,0.488237129099738,2018-11-25 11:43:26,11,"7-1187-2"
"1070",71,1,971,0.991787376313525,2018-11-25 11:43:51,0,"7-1070-4"
"1070",72,1,972,0.999647714901935,2018-11-25 11:44:01,0,"7-1070-4"
"1070",73,0,938,0,2018-11-25 11:44:11,0,"7-1070-5"
"079",15,0,946,0.550752094010052,2018-11-25 11:44:39,6,"7-079-2"
"1006",40,0,939,0.0781472099169385,2018-11-25 11:45:20,3,"7-1006-3"
"1187",27,1,964,0.529489586274043,2018-11-25 11:45:29,4,"7-1187-2"
"1187",28,1,965,0.575261911957733,2018-11-25 11:46:19,1,"7-1187-2"
"1006",41,0,940,0.162172731510807,2018-11-25 11:47:08,0,"7-1006-3"
"079",16,0,947,0.6383380913274,2018-11-25 11:47:19,1,"7-079-2"
"1187",29,1,966,0.633579186712223,2018-11-25 11:48:18,2,"7-1187-2"
"1006",42,0,941,0.21082938934141,2018-11-25 11:49:08,3,"7-1006-3"
"079",17,0,948,0.72679922614409,2018-11-25 11:49:42,3,"7-079-2"
"1187",30,1,967,0.724950436281226,2018-11-25 11:51:02,7,"7-1187-2"
"1006",43,0,942,0.305119574824107,2018-11-25 11:51:03,0,"7-1006-3"
"079",18,0,949,0.751798762916103,2018-11-25 11:51:19,1,"7-079-2"
"1006",44,0,943,0.331714712050445,2018-11-25 11:51:53,3,"7-1006-3"
"1187",31,1,968,0.803712573297778,2018-11-25 11:52:21,5,"7-1187-2"
"079",19,0,950,0.805367375886954,2018-11-25 11:53:02,3,"7-079-2"
"1187",32,1,969,0.85278294633429,2018-11-25 11:53:50,4,"7-1187-2"
"1006",45,0,944,0.401874836092755,2018-11-25 11:54:18,3,"7-1006-3"
"079",20,0,951,0.852538132275359,2018-11-25 11:54:24,0,"7-079-2"
"079",21,0,952,0.916685663204101,2018-11-25 11:55:35,0,"7-079-2"
"1187",33,1,970,0.926963200691372,2018-11-25 11:56:04,1,"7-1187-2"
"1006",46,0,945,0.469780473312989,2018-11-25 11:56:28,7,"7-1006-3"
"079",22,0,953,0.9658315220227,2018-11-25 11:56:53,0,"7-079-2"
"079",23,0,954,0.999741490658489,2018-11-25 11:57:47,0,"7-079-2"
"079",24,1,955,0,2018-11-25 11:57:57,0,"7-079-3"
"1187",34,1,971,0.991787376313525,2018-11-25 11:58:29,0,"7-1187-2"
"1187",35,1,972,0.999647714901935,2018-11-25 11:58:40,0,"7-1187-2"
"1187",36,0,938,0,2018-11-25 11:59:07,0,"7-1187-3"
"079",25,1,956,0.0837272437781558,2018-11-25 12:00:30,4,"7-079-3"
"079",26,1,957,0.140933915521022,2018-11-25 12:01:28,6,"7-079-3"
"079",27,1,958,0.187491477260499,2018-11-25 12:02:46,4,"7-079-3"
"1187",37,0,939,0.0781472099169385,2018-11-25 12:02:54,1,"7-1187-3"
"1006",47,1,964,0.529489586274043,2018-11-25 12:03:25,9,"7-1006-4"
"079",28,1,959,0.223235190196409,2018-11-25 12:03:44,1,"7-079-3"
"1187",38,0,940,0.162172731510807,2018-11-25 12:04:07,1,"7-1187-3"
"1006",48,1,965,0.575261911957733,2018-11-25 12:04:20,5,"7-1006-4"
"1006",49,1,966,0.633579186712223,2018-11-25 12:06:15,4,"7-1006-4"
"1187",39,0,941,0.21082938934141,2018-11-25 12:06:40,0,"7-1187-3"
"079",29,1,960,0.296637935921497,2018-11-25 12:07:23,5,"7-079-3"
"079",30,1,961,0.335830107243686,2018-11-25 12:08:22,5,"7-079-3"
"1006",50,1,967,0.724950436281226,2018-11-25 12:08:30,14,"7-1006-4"
"1187",40,0,942,0.305119574824107,2018-11-25 12:08:52,4,"7-1187-3"
"079",31,1,962,0.389965762848403,2018-11-25 12:10:08,10,"7-079-3"
"1006",51,1,968,0.803712573297778,2018-11-25 12:10:25,4,"7-1006-4"
"1187",41,0,943,0.331714712050445,2018-11-25 12:10:33,0,"7-1187-3"
"1006",52,1,969,0.85278294633429,2018-11-25 12:12:16,0,"7-1006-4"
"1187",42,0,944,0.401874836092755,2018-11-25 12:12:29,0,"7-1187-3"
"1070",74,0,938,0,2018-11-25 12:13:19,0,"7-1070-5"
"079",32,1,963,0.488237129099738,2018-11-25 12:13:37,10,"7-079-3"
"1006",53,1,970,0.926963200691372,2018-11-25 12:14:27,1,"7-1006-4"
"1187",43,0,945,0.469780473312989,2018-11-25 12:14:45,6,"7-1187-3"
"079",33,1,964,0.529489586274043,2018-11-25 12:16:44,3,"7-079-3"
"1070",75,0,939,0.0781472099169385,2018-11-25 12:17:11,2,"7-1070-5"
"079",34,1,965,0.575261911957733,2018-11-25 12:18:05,0,"7-079-3"
"1187",44,0,946,0.550752094010052,2018-11-25 12:18:10,1,"7-1187-3"
"1006",54,1,971,0.991787376313525,2018-11-25 12:18:27,0,"7-1006-4"
"1070",76,0,940,0.162172731510807,2018-11-25 12:19:01,4,"7-1070-5"
"1006",55,1,970,0.926963200691372,2018-11-25 12:19:12,0,"7-1006-5"
"1187",45,0,947,0.6383380913274,2018-11-25 12:20:17,0,"7-1187-3"
"1070",77,0,941,0.21082938934141,2018-11-25 12:20:31,7,"7-1070-5"
"079",35,1,966,0.633579186712223,2018-11-25 12:21:03,5,"7-079-3"
"1187",46,0,948,0.72679922614409,2018-11-25 12:22:46,0,"7-1187-3"
"1070",78,0,942,0.305119574824107,2018-11-25 12:23:06,4,"7-1070-5"
"079",36,1,967,0.724950436281226,2018-11-25 12:23:27,10,"7-079-3"
"1070",79,0,943,0.331714712050445,2018-11-25 12:24:06,1,"7-1070-5"
"1187",47,0,949,0.751798762916103,2018-11-25 12:24:27,0,"7-1187-3"
"1187",48,0,950,0.805367375886954,2018-11-25 12:25:44,0,"7-1187-3"
"079",37,1,968,0.803712573297778,2018-11-25 12:26:06,1,"7-079-3"
"1070",80,0,944,0.401874836092755,2018-11-25 12:26:36,1,"7-1070-5"
"1187",49,0,951,0.852538132275359,2018-11-25 12:27:11,0,"7-1187-3"
"079",38,1,969,0.85278294633429,2018-11-25 12:27:44,0,"7-079-3"
"1187",50,0,952,0.916685663204101,2018-11-25 12:28:25,0,"7-1187-3"
"1070",81,0,945,0.469780473312989,2018-11-25 12:29:11,3,"7-1070-5"
"1187",51,0,953,0.9658315220227,2018-11-25 12:29:31,0,"7-1187-3"
"1187",52,0,954,0.999741490658489,2018-11-25 12:30:27,0,"7-1187-3"
"079",39,1,970,0.926963200691372,2018-11-25 12:30:29,0,"7-079-3"
"1187",53,1,955,0,2018-11-25 12:30:57,0,"7-1187-4"
"1070",82,0,946,0.550752094010052,2018-11-25 12:32:25,3,"7-1070-5"
"079",40,1,971,0.991787376313525,2018-11-25 12:32:53,0,"7-079-3"
"079",41,1,972,0.999647714901935,2018-11-25 12:33:12,0,"7-079-3"
"079",42,0,938,0,2018-11-25 12:34:01,0,"7-079-4"
"1187",54,1,956,0.0837272437781558,2018-11-25 12:35:36,2,"7-1187-4"
"1070",83,0,947,0.6383380913274,2018-11-25 12:35:54,0,"7-1070-5"
"079",43,0,939,0.0781472099169385,2018-11-25 12:36:42,10,"7-079-4"
"1187",55,1,957,0.140933915521022,2018-11-25 12:37:02,9,"7-1187-4"
"1070",84,0,948,0.72679922614409,2018-11-25 12:38:13,0,"7-1070-5"
"1187",56,1,958,0.187491477260499,2018-11-25 12:38:21,5,"7-1187-4"
"079",44,0,940,0.162172731510807,2018-11-25 12:39:09,12,"7-079-4"
"1187",57,1,959,0.223235190196409,2018-11-25 12:39:34,2,"7-1187-4"
"1070",85,0,949,0.751798762916103,2018-11-25 12:39:34,2,"7-1070-5"
"079",45,0,941,0.21082938934141,2018-11-25 12:40:07,3,"7-079-4"
"1070",86,0,950,0.805367375886954,2018-11-25 12:41:14,1,"7-1070-5"
"1187",58,1,960,0.296637935921497,2018-11-25 12:42:15,0,"7-1187-4"
"079",46,0,942,0.305119574824107,2018-11-25 12:42:40,15,"7-079-4"
"1070",87,0,951,0.852538132275359,2018-11-25 12:42:46,1,"7-1070-5"
"1187",59,1,961,0.335830107243686,2018-11-25 12:43:30,5,"7-1187-4"
"079",47,0,943,0.331714712050445,2018-11-25 12:43:54,3,"7-079-4"
"1070",88,0,952,0.916685663204101,2018-11-25 12:44:11,0,"7-1070-5"
"1187",60,1,962,0.389965762848403,2018-11-25 12:45:17,14,"7-1187-4"
"1070",89,0,953,0.9658315220227,2018-11-25 12:45:46,0,"7-1070-5"
"079",48,0,944,0.401874836092755,2018-11-25 12:45:51,7,"7-079-4"
"1070",90,0,954,0.999741490658489,2018-11-25 12:47:36,2,"7-1070-5"
"079",49,0,945,0.469780473312989,2018-11-25 12:47:58,6,"7-079-4"
"1070",91,1,955,0,2018-11-25 12:48:46,0,"7-1070-6"
"1006",56,1,970,0.926963200691372,2018-11-25 12:49:18,0,"7-1006-5"
"1187",61,1,963,0.488237129099738,2018-11-25 12:49:51,11,"7-1187-4"
"1006",57,1,971,0.991787376313525,2018-11-25 12:50:12,0,"7-1006-5"
"1006",58,1,972,0.999647714901935,2018-11-25 12:50:27,0,"7-1006-5"
"1006",59,0,938,0,2018-11-25 12:50:37,0,"7-1006-6"
"079",50,0,946,0.550752094010052,2018-11-25 12:51:02,8,"7-079-4"
"1070",92,1,956,0.0837272437781558,2018-11-25 12:51:47,2,"7-1070-6"
"1187",62,1,964,0.529489586274043,2018-11-25 12:52:36,11,"7-1187-4"
"1070",93,1,957,0.140933915521022,2018-11-25 12:53:02,6,"7-1070-6"
"079",51,0,947,0.6383380913274,2018-11-25 12:53:56,1,"7-079-4"
"1187",63,1,965,0.575261911957733,2018-11-25 12:54:13,3,"7-1187-4"
"1070",94,1,958,0.187491477260499,2018-11-25 12:54:17,0,"7-1070-6"
"1006",60,0,939,0.0781472099169385,2018-11-25 12:55:14,9,"7-1006-6"
"1070",95,1,959,0.223235190196409,2018-11-25 12:55:18,1,"7-1070-6"
"1187",64,1,966,0.633579186712223,2018-11-25 12:55:51,0,"7-1187-4"
"079",52,0,948,0.72679922614409,2018-11-25 12:56:34,8,"7-079-4"
"1006",61,0,940,0.162172731510807,2018-11-25 12:57:14,11,"7-1006-6"
"1070",96,1,960,0.296637935921497,2018-11-25 12:57:32,0,"7-1070-6"
"079",53,0,949,0.751798762916103,2018-11-25 12:57:57,1,"7-079-4"
"1187",65,1,967,0.724950436281226,2018-11-25 12:58:50,16,"7-1187-4"
"1070",97,1,961,0.335830107243686,2018-11-25 12:58:52,0,"7-1070-6"
"079",54,0,950,0.805367375886954,2018-11-25 12:59:13,0,"7-079-4"
"1006",62,0,941,0.21082938934141,2018-11-25 12:59:14,6,"7-1006-6"
"079",55,0,951,0.852538132275359,2018-11-25 13:00:26,0,"7-079-4"
"1070",98,1,962,0.389965762848403,2018-11-25 13:01:17,7,"7-1070-6"
"1006",63,0,942,0.305119574824107,2018-11-25 13:01:24,10,"7-1006-6"
"1006",64,0,943,0.331714712050445,2018-11-25 13:02:09,5,"7-1006-6"
"079",56,0,952,0.916685663204101,2018-11-25 13:02:10,0,"7-079-4"
"079",57,0,953,0.9658315220227,2018-11-25 13:03:09,0,"7-079-4"
"1187",66,1,969,0.85278294633429,2018-11-25 13:03:40,2,"7-1187-4"
"079",58,0,954,0.999741490658489,2018-11-25 13:03:55,0,"7-079-4"
"079",59,1,955,0,2018-11-25 13:04:14,0,"7-079-5"
"1006",65,0,944,0.401874836092755,2018-11-25 13:04:34,7,"7-1006-6"
"1187",67,1,970,0.926963200691372,2018-11-25 13:05:18,1,"7-1187-4"
"1070",99,1,963,0.488237129099738,2018-11-25 13:05:50,3,"7-1070-6"
"1006",66,0,945,0.469780473312989,2018-11-25 13:06:32,8,"7-1006-6"
"079",60,1,956,0.0837272437781558,2018-11-25 13:06:44,3,"7-079-5"
"1187",68,1,971,0.991787376313525,2018-11-25 13:06:59,0,"7-1187-4"
"1187",69,1,972,0.999647714901935,2018-11-25 13:07:36,0,"7-1187-4"
"1187",70,0,938,0,2018-11-25 13:08:13,1,"7-1187-5"
"079",61,1,957,0.140933915521022,2018-11-25 13:08:21,9,"7-079-5"
"1070",100,1,964,0.529489586274043,2018-11-25 13:08:26,2,"7-1070-6"
"079",62,1,958,0.187491477260499,2018-11-25 13:08:44,1,"7-079-5"
"1006",67,0,946,0.550752094010052,2018-11-25 13:09:18,2,"7-1006-6"
"079",63,1,959,0.223235190196409,2018-11-25 13:09:27,1,"7-079-5"
"1070",101,1,965,0.575261911957733,2018-11-25 13:09:57,1,"7-1070-6"
"1070",102,1,966,0.633579186712223,2018-11-25 13:11:48,3,"7-1070-6"
"079",64,1,960,0.296637935921497,2018-11-25 13:12:12,0,"7-079-5"
"1187",71,0,939,0.0781472099169385,2018-11-25 13:12:13,12,"7-1187-5"
"1006",68,0,947,0.6383380913274,2018-11-25 13:12:18,6,"7-1006-6"
"079",65,1,961,0.335830107243686,2018-11-25 13:13:44,2,"7-079-5"
"1006",69,0,948,0.72679922614409,2018-11-25 13:14:19,2,"7-1006-6"
"1070",103,1,967,0.724950436281226,2018-11-25 13:14:38,17,"7-1070-6"
"1187",72,0,941,0.21082938934141,2018-11-25 13:15:56,20,"7-1187-5"
"1006",70,0,949,0.751798762916103,2018-11-25 13:15:56,0,"7-1006-6"
"079",66,1,962,0.389965762848403,2018-11-25 13:16:17,6,"7-079-5"
"1187",73,0,942,0.305119574824107,2018-11-25 13:16:43,4,"7-1187-5"
"1070",104,1,968,0.803712573297778,2018-11-25 13:16:58,4,"7-1070-6"
"1006",71,0,950,0.805367375886954,2018-11-25 13:17:04,0,"7-1006-6"
"1187",74,0,943,0.331714712050445,2018-11-25 13:18:03,4,"7-1187-5"
"1006",72,0,951,0.852538132275359,2018-11-25 13:18:24,0,"7-1006-6"
"1070",105,1,969,0.85278294633429,2018-11-25 13:18:38,0,"7-1070-6"
"079",67,1,963,0.488237129099738,2018-11-25 13:19:46,0,"7-079-5"
"1006",73,0,952,0.916685663204101,2018-11-25 13:19:47,0,"7-1006-6"
"1187",75,0,944,0.401874836092755,2018-11-25 13:20:17,9,"7-1187-5"
"1070",106,1,970,0.926963200691372,2018-11-25 13:20:38,0,"7-1070-6"
"1006",74,0,953,0.9658315220227,2018-11-25 13:20:53,0,"7-1006-6"
"079",68,1,964,0.529489586274043,2018-11-25 13:21:33,8,"7-079-5"
"1006",75,0,954,0.999741490658489,2018-11-25 13:22:11,1,"7-1006-6"
"1006",76,1,955,0,2018-11-25 13:22:26,0,"7-1006-7"
"1187",76,0,945,0.469780473312989,2018-11-25 13:22:50,15,"7-1187-5"
"1070",107,1,971,0.991787376313525,2018-11-25 13:22:56,0,"7-1070-6"
"1070",108,1,972,0.999647714901935,2018-11-25 13:23:08,0,"7-1070-6"
"1070",109,0,938,0,2018-11-25 13:23:18,0,"7-1070-7"
"079",69,1,965,0.575261911957733,2018-11-25 13:23:28,1,"7-079-5"
"079",70,1,966,0.633579186712223,2018-11-25 13:25:08,1,"7-079-5"
"1006",77,1,956,0.0837272437781558,2018-11-25 13:25:22,1,"7-1006-7"
"1187",77,0,946,0.550752094010052,2018-11-25 13:25:44,4,"7-1187-5"
"1006",78,1,957,0.140933915521022,2018-11-25 13:26:52,3,"7-1006-7"
"1070",110,0,939,0.0781472099169385,2018-11-25 13:27:03,6,"7-1070-7"
"1006",79,1,958,0.187491477260499,2018-11-25 13:27:42,2,"7-1006-7"
"079",71,1,967,0.724950436281226,2018-11-25 13:27:46,12,"7-079-5"
"1187",78,0,947,0.6383380913274,2018-11-25 13:28:41,2,"7-1187-5"
"1006",80,1,959,0.223235190196409,2018-11-25 13:28:43,0,"7-1006-7"
"079",72,1,968,0.803712573297778,2018-11-25 13:29:25,4,"7-079-5"
"1070",111,0,940,0.162172731510807,2018-11-25 13:29:44,9,"7-1070-7"
"1070",112,0,941,0.21082938934141,2018-11-25 13:31:14,12,"7-1070-7"
"1187",79,0,948,0.72679922614409,2018-11-25 13:31:17,0,"7-1187-5"
"1006",81,1,960,0.296637935921497,2018-11-25 13:31:22,1,"7-1006-7"
"079",73,1,969,0.85278294633429,2018-11-25 13:31:24,0,"7-079-5"
"1187",80,0,949,0.751798762916103,2018-11-25 13:32:47,1,"7-1187-5"
"1006",82,1,961,0.335830107243686,2018-11-25 13:33:12,0,"7-1006-7"
"079",74,1,970,0.926963200691372,2018-11-25 13:33:21,0,"7-079-5"
"1070",113,0,942,0.305119574824107,2018-11-25 13:33:25,6,"7-1070-7"
"1187",81,0,950,0.805367375886954,2018-11-25 13:34:01,0,"7-1187-5"
"1070",114,0,943,0.331714712050445,2018-11-25 13:34:45,7,"7-1070-7"
"1006",83,1,962,0.389965762848403,2018-11-25 13:35:12,3,"7-1006-7"
"079",75,1,971,0.991787376313525,2018-11-25 13:35:16,0,"7-079-5"
"1187",82,0,951,0.852538132275359,2018-11-25 13:35:30,0,"7-1187-5"
"079",76,1,972,0.999647714901935,2018-11-25 13:35:33,0,"7-079-5"
"1187",83,0,952,0.916685663204101,2018-11-25 13:37:11,0,"7-1187-5"
"1070",115,0,944,0.401874836092755,2018-11-25 13:37:37,13,"7-1070-7"
"079",77,0,938,0,2018-11-25 13:38:00,1,"7-079-6"
"1187",84,0,953,0.9658315220227,2018-11-25 13:38:04,0,"7-1187-5"
"1006",84,1,963,0.488237129099738,2018-11-25 13:38:26,4,"7-1006-7"
"1187",85,0,954,0.999741490658489,2018-11-25 13:39:09,0,"7-1187-5"
"1187",86,1,955,0,2018-11-25 13:39:28,0,"7-1187-6"
"1070",116,0,945,0.469780473312989,2018-11-25 13:39:37,7,"7-1070-7"
"1006",85,1,964,0.529489586274043,2018-11-25 13:40:32,4,"7-1006-7"
"1187",87,1,956,0.0837272437781558,2018-11-25 13:41:59,2,"7-1187-6"
"1070",117,0,946,0.550752094010052,2018-11-25 13:42:16,4,"7-1070-7"
"1006",86,1,965,0.575261911957733,2018-11-25 13:42:32,3,"7-1006-7"
"079",78,0,939,0.0781472099169385,2018-11-25 13:43:10,3,"7-079-6"
"1187",88,1,957,0.140933915521022,2018-11-25 13:43:46,6,"7-1187-6"
"1006",87,1,966,0.633579186712223,2018-11-25 13:44:21,1,"7-1006-7"
"079",79,0,940,0.162172731510807,2018-11-25 13:44:29,2,"7-079-6"
"1187",89,1,958,0.187491477260499,2018-11-25 13:44:46,4,"7-1187-6"
"1070",118,0,947,0.6383380913274,2018-11-25 13:45:46,1,"7-1070-7"
"1187",90,1,959,0.223235190196409,2018-11-25 13:46:05,4,"7-1187-6"
"079",80,0,941,0.21082938934141,2018-11-25 13:46:26,11,"7-079-6"
"1006",88,1,967,0.724950436281226,2018-11-25 13:46:51,5,"7-1006-7"
"1070",119,0,948,0.72679922614409,2018-11-25 13:48:20,3,"7-1070-7"
"079",81,0,942,0.305119574824107,2018-11-25 13:48:27,3,"7-079-6"
"1187",91,1,960,0.296637935921497,2018-11-25 13:48:34,0,"7-1187-6"
"079",82,0,943,0.331714712050445,2018-11-25 13:48:57,0,"7-079-6"
"1006",89,1,968,0.803712573297778,2018-11-25 13:49:21,3,"7-1006-7"
"1070",120,0,949,0.751798762916103,2018-11-25 13:49:21,0,"7-1070-7"
"1187",92,1,961,0.335830107243686,2018-11-25 13:49:47,6,"7-1187-6"
"1006",90,1,969,0.85278294633429,2018-11-25 13:50:46,2,"7-1006-7"
"1070",121,0,950,0.805367375886954,2018-11-25 13:51:09,2,"7-1070-7"
"079",83,0,944,0.401874836092755,2018-11-25 13:51:28,3,"7-079-6"
"1070",122,0,951,0.852538132275359,2018-11-25 13:52:20,0,"7-1070-7"
"1187",93,1,962,0.389965762848403,2018-11-25 13:52:54,13,"7-1187-6"
"1006",91,1,970,0.926963200691372,2018-11-25 13:53:11,0,"7-1006-7"
"079",84,0,945,0.469780473312989,2018-11-25 13:53:30,5,"7-079-6"
"1070",123,0,952,0.916685663204101,2018-11-25 13:53:43,0,"7-1070-7"
"1070",124,0,953,0.9658315220227,2018-11-25 13:54:54,0,"7-1070-7"
"1006",92,1,971,0.991787376313525,2018-11-25 13:55:16,0,"7-1006-7"
"1006",93,1,972,0.999647714901935,2018-11-25 13:55:28,0,"7-1006-7"
"1006",94,0,938,0,2018-11-25 13:55:40,0,"7-1006-8"
"1070",125,0,954,0.999741490658489,2018-11-25 13:55:44,0,"7-1070-7"
"1070",126,1,955,0,2018-11-25 13:55:54,0,"7-1070-8"
"1187",94,1,963,0.488237129099738,2018-11-25 13:56:25,16,"7-1187-6"
"079",85,0,946,0.550752094010052,2018-11-25 13:57:03,1,"7-079-6"
"1070",127,1,956,0.0837272437781558,2018-11-25 13:58:36,1,"7-1070-8"
"1187",95,1,964,0.529489586274043,2018-11-25 13:58:38,0,"7-1187-6"
"1070",128,1,957,0.140933915521022,2018-11-25 13:59:51,5,"7-1070-8"
"079",86,0,947,0.6383380913274,2018-11-25 14:00:31,1,"7-079-6"
"1006",95,0,939,0.0781472099169385,2018-11-25 14:01:01,4,"7-1006-8"
"1070",129,1,958,0.187491477260499,2018-11-25 14:01:06,4,"7-1070-8"
"1187",96,1,965,0.575261911957733,2018-11-25 14:01:13,11,"7-1187-6"
"1070",130,1,959,0.223235190196409,2018-11-25 14:01:57,0,"7-1070-8"
"1006",96,0,940,0.162172731510807,2018-11-25 14:02:41,9,"7-1006-8"
"079",87,0,948,0.72679922614409,2018-11-25 14:02:55,3,"7-079-6"
"1187",97,1,966,0.633579186712223,2018-11-25 14:03:40,4,"7-1187-6"
"079",88,0,949,0.751798762916103,2018-11-25 14:04:11,0,"7-079-6"
"1006",97,0,941,0.21082938934141,2018-11-25 14:04:16,2,"7-1006-8"
"1070",131,1,960,0.296637935921497,2018-11-25 14:04:20,1,"7-1070-8"
"079",89,0,950,0.805367375886954,2018-11-25 14:04:58,0,"7-079-6"
"1187",98,1,967,0.724950436281226,2018-11-25 14:05:00,5,"7-1187-6"
"1070",132,1,961,0.335830107243686,2018-11-25 14:05:40,7,"7-1070-8"
"1006",98,0,942,0.305119574824107,2018-11-25 14:06:16,6,"7-1006-8"
"079",90,0,951,0.852538132275359,2018-11-25 14:06:21,0,"7-079-6"
"1006",99,0,943,0.331714712050445,2018-11-25 14:07:16,3,"7-1006-8"
"1187",99,1,968,0.803712573297778,2018-11-25 14:07:40,9,"7-1187-6"
"079",91,0,952,0.916685663204101,2018-11-25 14:07:46,0,"7-079-6"
"1070",133,1,962,0.389965762848403,2018-11-25 14:07:49,12,"7-1070-8"
"079",92,0,953,0.9658315220227,2018-11-25 14:08:46,0,"7-079-6"
"1187",100,1,969,0.85278294633429,2018-11-25 14:08:59,1,"7-1187-6"
"079",93,0,954,0.999741490658489,2018-11-25 14:09:16,0,"7-079-6"
"1006",100,0,944,0.401874836092755,2018-11-25 14:09:21,10,"7-1006-8"
"1006",101,0,945,0.469780473312989,2018-11-25 14:11:11,8,"7-1006-8"
"1187",101,1,970,0.926963200691372,2018-11-25 14:11:25,3,"7-1187-6"
"079",94,1,955,0,2018-11-25 14:11:31,2,"7-079-7"
"1070",134,1,963,0.488237129099738,2018-11-25 14:11:38,0,"7-1070-8"
"1070",135,1,964,0.529489586274043,2018-11-25 14:13:37,9,"7-1070-8"
"1006",102,0,946,0.550752094010052,2018-11-25 14:14:21,8,"7-1006-8"
"1187",102,1,971,0.991787376313525,2018-11-25 14:14:38,0,"7-1187-6"
"1187",103,1,972,0.999647714901935,2018-11-25 14:14:43,0,"7-1187-6"
"1070",136,1,965,0.575261911957733,2018-11-25 14:15:08,8,"7-1070-8"
"1187",104,0,938,0,2018-11-25 14:15:19,0,"7-1187-7"
"079",95,1,956,0.0837272437781558,2018-11-25 14:15:53,5,"7-079-7"
"079",96,1,957,0.140933915521022,2018-11-25 14:16:53,4,"7-079-7"
"1006",103,0,947,0.6383380913274,2018-11-25 14:17:14,5,"7-1006-8"
"1070",137,1,966,0.633579186712223,2018-11-25 14:17:38,14,"7-1070-8"
"079",97,1,958,0.187491477260499,2018-11-25 14:17:43,0,"7-079-7"
"079",98,1,959,0.223235190196409,2018-11-25 14:18:19,1,"7-079-7"
"1187",105,0,939,0.0781472099169385,2018-11-25 14:18:21,1,"7-1187-7"
"1006",104,0,948,0.72679922614409,2018-11-25 14:19:24,2,"7-1006-8"
"1070",138,1,967,0.724950436281226,2018-11-25 14:19:58,14,"7-1070-8"
"079",99,1,960,0.296637935921497,2018-11-25 14:20:36,0,"7-079-7"
"1187",106,0,940,0.162172731510807,2018-11-25 14:20:59,14,"7-1187-7"
"1006",105,0,949,0.751798762916103,2018-11-25 14:21:09,0,"7-1006-8"
"1187",107,0,941,0.21082938934141,2018-11-25 14:21:42,5,"7-1187-7"
"079",100,1,961,0.335830107243686,2018-11-25 14:22:02,4,"7-079-7"
"1070",139,1,968,0.803712573297778,2018-11-25 14:22:13,7,"7-1070-8"
"1187",108,0,942,0.305119574824107,2018-11-25 14:22:36,3,"7-1187-7"
"1006",106,0,950,0.805367375886954,2018-11-25 14:22:59,0,"7-1006-8"
"079",101,1,962,0.389965762848403,2018-11-25 14:24:02,7,"7-079-7"
"1070",140,1,969,0.85278294633429,2018-11-25 14:24:08,1,"7-1070-8"
"1006",107,0,951,0.852538132275359,2018-11-25 14:24:12,0,"7-1006-8"
"1187",109,0,943,0.331714712050445,2018-11-25 14:24:45,5,"7-1187-7"
"1006",108,0,952,0.916685663204101,2018-11-25 14:25:28,0,"7-1006-8"
"1070",141,1,970,0.926963200691372,2018-11-25 14:26:18,0,"7-1070-8"
"1006",109,0,953,0.9658315220227,2018-11-25 14:26:44,0,"7-1006-8"
"1187",110,0,944,0.401874836092755,2018-11-25 14:26:56,0,"7-1187-7"
"079",102,1,963,0.488237129099738,2018-11-25 14:27:55,2,"7-079-7"
"1070",142,1,971,0.991787376313525,2018-11-25 14:28:22,0,"7-1070-8"
"1070",143,1,972,0.999647714901935,2018-11-25 14:28:30,0,"7-1070-8"
"1006",110,0,954,0.999741490658489,2018-11-25 14:28:39,4,"7-1006-8"
"1070",144,0,938,0,2018-11-25 14:28:40,0,"7-1070-9"
"1006",111,1,955,0,2018-11-25 14:28:44,0,"7-1006-9"
"1187",111,0,945,0.469780473312989,2018-11-25 14:29:18,10,"7-1187-7"
"079",103,1,964,0.529489586274043,2018-11-25 14:30:17,1,"7-079-7"
"079",104,1,965,0.575261911957733,2018-11-25 14:31:31,4,"7-079-7"
"1187",112,0,946,0.550752094010052,2018-11-25 14:32:33,7,"7-1187-7"
"1006",112,1,956,0.0837272437781558,2018-11-25 14:33:47,6,"7-1006-9"
"079",105,1,966,0.633579186712223,2018-11-25 14:34:04,8,"7-079-7"
"1070",145,0,939,0.0781472099169385,2018-11-25 14:34:14,7,"7-1070-9"
"1187",113,0,947,0.6383380913274,2018-11-25 14:35:06,7,"7-1187-7"
"1006",113,1,957,0.140933915521022,2018-11-25 14:35:07,6,"7-1006-9"
"1006",114,1,958,0.187491477260499,2018-11-25 14:36:07,3,"7-1006-9"
"1070",146,0,940,0.162172731510807,2018-11-25 14:36:22,4,"7-1070-9"
"079",106,1,967,0.724950436281226,2018-11-25 14:36:31,5,"7-079-7"
"1006",115,1,959,0.223235190196409,2018-11-25 14:36:56,0,"7-1006-9"
"1187",114,0,948,0.72679922614409,2018-11-25 14:37:58,1,"7-1187-7"
"1070",147,0,941,0.21082938934141,2018-11-25 14:38:22,8,"7-1070-9"
"079",107,1,968,0.803712573297778,2018-11-25 14:38:46,0,"7-079-7"
"1187",115,0,949,0.751798762916103,2018-11-25 14:39:28,1,"7-1187-7"
"079",108,1,969,0.85278294633429,2018-11-25 14:39:39,0,"7-079-7"
"1006",116,1,960,0.296637935921497,2018-11-25 14:40:34,0,"7-1006-9"
"1187",116,0,950,0.805367375886954,2018-11-25 14:40:52,0,"7-1187-7"
"1070",148,0,942,0.305119574824107,2018-11-25 14:40:52,0,"7-1070-9"
"1070",149,0,943,0.331714712050445,2018-11-25 14:41:27,0,"7-1070-9"
"079",109,1,970,0.926963200691372,2018-11-25 14:41:32,0,"7-079-7"
"1187",117,0,951,0.852538132275359,2018-11-25 14:42:11,0,"7-1187-7"
"1006",117,1,961,0.335830107243686,2018-11-25 14:42:20,5,"7-1006-9"
"079",110,1,971,0.991787376313525,2018-11-25 14:43:19,0,"7-079-7"
"1187",118,0,952,0.916685663204101,2018-11-25 14:43:22,0,"7-1187-7"
"079",111,1,972,0.999647714901935,2018-11-25 14:43:27,0,"7-079-7"
"1070",150,0,944,0.401874836092755,2018-11-25 14:43:35,0,"7-1070-9"
"079",112,0,938,0,2018-11-25 14:43:48,0,"7-079-8"
"1187",119,0,953,0.9658315220227,2018-11-25 14:44:32,0,"7-1187-7"
"1006",118,1,962,0.389965762848403,2018-11-25 14:44:41,3,"7-1006-9"
"1070",151,0,945,0.469780473312989,2018-11-25 14:45:55,6,"7-1070-9"
"1187",120,0,954,0.999741490658489,2018-11-25 14:47:20,0,"7-1187-7"
"1006",119,1,963,0.488237129099738,2018-11-25 14:48:52,2,"7-1006-9"
"1070",152,0,946,0.550752094010052,2018-11-25 14:49:49,3,"7-1070-9"
"1187",121,1,955,0,2018-11-25 14:49:51,0,"7-1187-8"
"1006",120,1,964,0.529489586274043,2018-11-25 14:50:52,1,"7-1006-9"
"079",113,0,939,0.0781472099169385,2018-11-25 14:51:41,8,"7-079-8"
"1070",153,0,947,0.6383380913274,2018-11-25 14:52:20,4,"7-1070-9"
"1006",121,1,965,0.575261911957733,2018-11-25 14:53:02,9,"7-1006-9"
"1187",122,1,956,0.0837272437781558,2018-11-25 14:53:03,1,"7-1187-8"
"079",114,0,940,0.162172731510807,2018-11-25 14:53:57,6,"7-079-8"
"1070",154,0,948,0.72679922614409,2018-11-25 14:54:47,1,"7-1070-9"
"1006",122,1,966,0.633579186712223,2018-11-25 14:55:02,7,"7-1006-9"
"1187",123,1,958,0.187491477260499,2018-11-25 14:55:13,6,"7-1187-8"
"079",115,0,941,0.21082938934141,2018-11-25 14:55:19,2,"7-079-8"
"1187",124,1,959,0.223235190196409,2018-11-25 14:55:43,0,"7-1187-8"
"1070",155,0,949,0.751798762916103,2018-11-25 14:56:08,0,"7-1070-9"
"079",116,0,942,0.305119574824107,2018-11-25 14:57:00,4,"7-079-8"
"1006",123,1,967,0.724950436281226,2018-11-25 14:57:52,6,"7-1006-9"
"1070",156,0,950,0.805367375886954,2018-11-25 14:58:01,0,"7-1070-9"
"079",117,0,943,0.331714712050445,2018-11-25 14:58:31,7,"7-079-8"
"1187",125,1,960,0.296637935921497,2018-11-25 14:58:46,1,"7-1187-8"
"1070",157,0,951,0.852538132275359,2018-11-25 14:59:17,0,"7-1070-9"
"1187",126,1,961,0.335830107243686,2018-11-25 14:59:59,6,"7-1187-8"
"1006",124,1,968,0.803712573297778,2018-11-25 15:00:07,5,"7-1006-9"
"079",118,0,944,0.401874836092755,2018-11-25 15:00:15,9,"7-079-8"
"1070",158,0,952,0.916685663204101,2018-11-25 15:00:27,0,"7-1070-9"
"1187",127,1,962,0.389965762848403,2018-11-25 15:01:25,4,"7-1187-8"
"1070",159,0,953,0.9658315220227,2018-11-25 15:01:28,0,"7-1070-9"
"1006",125,1,969,0.85278294633429,2018-11-25 15:02:12,9,"7-1006-9"
"1070",160,0,954,0.999741490658489,2018-11-25 15:02:22,0,"7-1070-9"
"1070",161,1,955,0,2018-11-25 15:02:38,0,"7-1070-10"
"079",119,0,945,0.469780473312989,2018-11-25 15:02:59,12,"7-079-8"
"1006",126,1,970,0.926963200691372,2018-11-25 15:04:32,0,"7-1006-9"
"1070",162,1,956,0.0837272437781558,2018-11-25 15:05:15,1,"7-1070-10"
"1187",128,1,963,0.488237129099738,2018-11-25 15:05:28,8,"7-1187-8"
"079",120,0,946,0.550752094010052,2018-11-25 15:06:26,16,"7-079-8"
"1006",127,1,971,0.991787376313525,2018-11-25 15:06:31,0,"7-1006-9"
"1006",128,1,972,0.999647714901935,2018-11-25 15:06:37,0,"7-1006-9"
"1070",163,1,957,0.140933915521022,2018-11-25 15:06:40,1,"7-1070-10"
"1006",129,0,938,0,2018-11-25 15:06:43,0,"7-1006-10"
"1070",164,1,958,0.187491477260499,2018-11-25 15:07:55,0,"7-1070-10"
"1187",129,1,964,0.529489586274043,2018-11-25 15:08:00,8,"7-1187-8"
"079",121,0,947,0.6383380913274,2018-11-25 15:08:49,1,"7-079-8"
"1070",165,1,959,0.223235190196409,2018-11-25 15:09:00,0,"7-1070-10"
"1187",130,1,965,0.575261911957733,2018-11-25 15:09:18,2,"7-1187-8"
"079",122,0,948,0.72679922614409,2018-11-25 15:10:56,2,"7-079-8"
"1187",131,1,966,0.633579186712223,2018-11-25 15:11:33,9,"7-1187-8"
"1006",130,0,939,0.0781472099169385,2018-11-25 15:11:52,10,"7-1006-10"
"1070",166,1,960,0.296637935921497,2018-11-25 15:12:05,0,"7-1070-10"
"079",123,0,949,0.751798762916103,2018-11-25 15:12:27,3,"7-079-8"
"1006",131,0,940,0.162172731510807,2018-11-25 15:13:17,6,"7-1006-10"
"1070",167,1,961,0.335830107243686,2018-11-25 15:13:35,4,"7-1070-10"
"079",124,0,950,0.805367375886954,2018-11-25 15:14:02,0,"7-079-8"
"1187",132,1,967,0.724950436281226,2018-11-25 15:14:03,12,"7-1187-8"
"079",125,0,951,0.852538132275359,2018-11-25 15:15:10,0,"7-079-8"
"1006",132,0,941,0.21082938934141,2018-11-25 15:15:11,8,"7-1006-10"
"1187",133,1,968,0.803712573297778,2018-11-25 15:15:13,0,"7-1187-8"
"1070",168,1,962,0.389965762848403,2018-11-25 15:15:20,5,"7-1070-10"
"079",126,0,952,0.916685663204101,2018-11-25 15:16:40,0,"7-079-8"
"1006",133,0,942,0.305119574824107,2018-11-25 15:17:11,4,"7-1006-10"
"1187",134,1,969,0.85278294633429,2018-11-25 15:17:15,0,"7-1187-8"
"1006",134,0,943,0.331714712050445,2018-11-25 15:17:46,1,"7-1006-10"
"079",127,0,953,0.9658315220227,2018-11-25 15:18:10,0,"7-079-8"
"1070",169,1,963,0.488237129099738,2018-11-25 15:18:12,0,"7-1070-10"
"1187",135,1,970,0.926963200691372,2018-11-25 15:18:44,0,"7-1187-8"
"079",128,0,954,0.999741490658489,2018-11-25 15:19:00,0,"7-079-8"
"079",129,1,955,0,2018-11-25 15:20:00,0,"7-079-9"
"1006",135,0,944,0.401874836092755,2018-11-25 15:20:01,1,"7-1006-10"
"1070",170,1,964,0.529489586274043,2018-11-25 15:20:21,1,"7-1070-10"
"1006",136,0,945,0.469780473312989,2018-11-25 15:22:16,8,"7-1006-10"
"1070",171,1,965,0.575261911957733,2018-11-25 15:22:47,2,"7-1070-10"
"1187",136,0,938,0,2018-11-25 15:23:05,3,"7-1187-9"
"079",130,1,956,0.0837272437781558,2018-11-25 15:23:25,1,"7-079-9"
"1070",172,1,966,0.633579186712223,2018-11-25 15:24:27,3,"7-1070-10"
"079",131,1,957,0.140933915521022,2018-11-25 15:24:55,8,"7-079-9"
"1006",137,0,946,0.550752094010052,2018-11-25 15:25:40,4,"7-1006-10"
"1187",137,0,939,0.0781472099169385,2018-11-25 15:25:42,7,"7-1187-9"
"079",132,1,958,0.187491477260499,2018-11-25 15:25:51,4,"7-079-9"
"079",133,1,959,0.223235190196409,2018-11-25 15:26:22,0,"7-079-9"
"1070",173,1,967,0.724950436281226,2018-11-25 15:27:01,6,"7-1070-10"
"1187",138,0,940,0.162172731510807,2018-11-25 15:27:43,9,"7-1187-9"
"1006",138,0,947,0.6383380913274,2018-11-25 15:28:57,1,"7-1006-10"
"079",134,1,960,0.296637935921497,2018-11-25 15:29:04,4,"7-079-9"
"1070",174,1,968,0.803712573297778,2018-11-25 15:29:26,5,"7-1070-10"
"1187",139,0,941,0.21082938934141,2018-11-25 15:30:10,11,"7-1187-9"
"079",135,1,961,0.335830107243686,2018-11-25 15:30:29,6,"7-079-9"
"1070",175,1,969,0.85278294633429,2018-11-25 15:30:51,0,"7-1070-10"
"1187",140,0,942,0.305119574824107,2018-11-25 15:31:03,0,"7-1187-9"
"1006",139,0,948,0.72679922614409,2018-11-25 15:31:22,3,"7-1006-10"
"079",136,1,962,0.389965762848403,2018-11-25 15:31:53,3,"7-079-9"
"1006",140,0,949,0.751798762916103,2018-11-25 15:32:37,3,"7-1006-10"
"1187",141,0,943,0.331714712050445,2018-11-25 15:32:57,2,"7-1187-9"
"1070",176,1,970,0.926963200691372,2018-11-25 15:33:01,0,"7-1070-10"
"1006",141,0,950,0.805367375886954,2018-11-25 15:33:52,1,"7-1006-10"
"079",137,1,963,0.488237129099738,2018-11-25 15:34:58,4,"7-079-9"
"1070",177,1,971,0.991787376313525,2018-11-25 15:35:12,0,"7-1070-10"
"1006",142,0,951,0.852538132275359,2018-11-25 15:35:16,0,"7-1006-10"
"1187",142,0,944,0.401874836092755,2018-11-25 15:35:19,6,"7-1187-9"
"1070",178,1,972,0.999647714901935,2018-11-25 15:35:21,0,"7-1070-10"
"1070",179,0,938,0,2018-11-25 15:35:31,0,"7-1070-11"
"1006",143,0,952,0.916685663204101,2018-11-25 15:36:42,0,"7-1006-10"
"079",138,1,964,0.529489586274043,2018-11-25 15:37:03,6,"7-079-9"
"1187",143,0,945,0.469780473312989,2018-11-25 15:37:22,8,"7-1187-9"
"1006",144,0,953,0.9658315220227,2018-11-25 15:38:03,1,"7-1006-10"
"079",139,1,965,0.575261911957733,2018-11-25 15:38:33,5,"7-079-9"
"1006",145,0,954,0.999741490658489,2018-11-25 15:39:03,0,"7-1006-10"
"1006",146,1,955,0,2018-11-25 15:39:29,0,"7-1006-11"
"1187",144,0,946,0.550752094010052,2018-11-25 15:40:18,5,"7-1187-9"
"079",140,1,966,0.633579186712223,2018-11-25 15:41:22,10,"7-079-9"
"1070",180,0,939,0.0781472099169385,2018-11-25 15:42:13,4,"7-1070-11"
"1006",147,1,956,0.0837272437781558,2018-11-25 15:42:26,2,"7-1006-11"
"1070",181,0,940,0.162172731510807,2018-11-25 15:43:49,6,"7-1070-11"
"079",141,1,967,0.724950436281226,2018-11-25 15:44:01,10,"7-079-9"
"1187",145,0,947,0.6383380913274,2018-11-25 15:44:02,2,"7-1187-9"
"1006",148,1,957,0.140933915521022,2018-11-25 15:44:06,1,"7-1006-11"
"1006",149,1,958,0.187491477260499,2018-11-25 15:45:06,3,"7-1006-11"
"1070",182,0,941,0.21082938934141,2018-11-25 15:45:18,7,"7-1070-11"
"1006",150,1,959,0.223235190196409,2018-11-25 15:45:51,1,"7-1006-11"
"079",142,1,968,0.803712573297778,2018-11-25 15:45:54,5,"7-079-9"
"1187",146,0,948,0.72679922614409,2018-11-25 15:46:46,6,"7-1187-9"
"079",143,1,969,0.85278294633429,2018-11-25 15:47:14,0,"7-079-9"
"1070",183,0,942,0.305119574824107,2018-11-25 15:47:38,6,"7-1070-11"
"1187",147,0,949,0.751798762916103,2018-11-25 15:47:50,1,"7-1187-9"
"1006",151,1,960,0.296637935921497,2018-11-25 15:48:15,0,"7-1006-11"
"1070",184,0,943,0.331714712050445,2018-11-25 15:48:38,7,"7-1070-11"
"1187",148,0,950,0.805367375886954,2018-11-25 15:49:14,2,"7-1187-9"
"079",144,1,970,0.926963200691372,2018-11-25 15:49:36,2,"7-079-9"
"1006",152,1,961,0.335830107243686,2018-11-25 15:50:15,5,"7-1006-11"
"1187",149,0,951,0.852538132275359,2018-11-25 15:50:28,0,"7-1187-9"
"1070",185,0,944,0.401874836092755,2018-11-25 15:50:48,3,"7-1070-11"
"079",145,1,971,0.991787376313525,2018-11-25 15:51:38,0,"7-079-9"
"1187",150,0,952,0.916685663204101,2018-11-25 15:51:44,0,"7-1187-9"
"1006",153,1,962,0.389965762848403,2018-11-25 15:51:49,1,"7-1006-11"
"079",146,1,972,0.999647714901935,2018-11-25 15:51:54,0,"7-079-9"
"1070",186,0,945,0.469780473312989,2018-11-25 15:52:38,5,"7-1070-11"
"1187",151,0,953,0.9658315220227,2018-11-25 15:52:53,0,"7-1187-9"
"1187",152,0,954,0.999741490658489,2018-11-25 15:53:25,0,"7-1187-9"
"1187",153,1,955,0,2018-11-25 15:53:54,0,"7-1187-10"
"079",147,0,938,0,2018-11-25 15:53:54,0,"7-079-10"
"1006",154,1,963,0.488237129099738,2018-11-25 15:54:53,3,"7-1006-11"
"1070",187,0,946,0.550752094010052,2018-11-25 15:55:50,10,"7-1070-11"
"1006",155,1,964,0.529489586274043,2018-11-25 15:56:22,0,"7-1006-11"
"1006",156,1,965,0.575261911957733,2018-11-25 15:57:57,6,"7-1006-11"
"1187",154,1,956,0.0837272437781558,2018-11-25 15:58:16,2,"7-1187-10"
"079",148,0,939,0.0781472099169385,2018-11-25 15:58:46,2,"7-079-10"
"1070",188,0,947,0.6383380913274,2018-11-25 15:59:08,0,"7-1070-11"
"1187",155,1,957,0.140933915521022,2018-11-25 15:59:19,5,"7-1187-10"
"1006",157,1,966,0.633579186712223,2018-11-25 15:59:57,12,"7-1006-11"
"1187",156,1,958,0.187491477260499,2018-11-25 16:00:11,1,"7-1187-10"
"1070",189,0,948,0.72679922614409,2018-11-25 16:01:01,0,"7-1070-11"
"079",149,0,940,0.162172731510807,2018-11-25 16:01:03,11,"7-079-10"
"1187",157,1,959,0.223235190196409,2018-11-25 16:01:47,0,"7-1187-10"
"1006",158,1,967,0.724950436281226,2018-11-25 16:01:59,8,"7-1006-11"
"079",150,0,941,0.21082938934141,2018-11-25 16:02:39,11,"7-079-10"
"1070",190,0,949,0.751798762916103,2018-11-25 16:02:40,0,"7-1070-11"
"1187",158,1,960,0.296637935921497,2018-11-25 16:03:49,1,"7-1187-10"
"1070",191,0,950,0.805367375886954,2018-11-25 16:04:10,0,"7-1070-11"
"079",151,0,942,0.305119574824107,2018-11-25 16:05:01,11,"7-079-10"
"1187",159,1,961,0.335830107243686,2018-11-25 16:05:04,3,"7-1187-10"
"1006",159,1,968,0.803712573297778,2018-11-25 16:05:08,4,"7-1006-11"
"1070",192,0,951,0.852538132275359,2018-11-25 16:05:29,0,"7-1070-11"
"079",152,0,943,0.331714712050445,2018-11-25 16:05:56,5,"7-079-10"
"1070",193,0,952,0.916685663204101,2018-11-25 16:06:35,0,"7-1070-11"
"1006",160,1,969,0.85278294633429,2018-11-25 16:06:48,0,"7-1006-11"
"1187",160,1,962,0.389965762848403,2018-11-25 16:07:10,8,"7-1187-10"
"1070",194,0,953,0.9658315220227,2018-11-25 16:08:01,0,"7-1070-11"
"079",153,0,944,0.401874836092755,2018-11-25 16:08:28,8,"7-079-10"
"1006",161,1,970,0.926963200691372,2018-11-25 16:08:58,0,"7-1006-11"
"1070",195,0,954,0.999741490658489,2018-11-25 16:09:05,0,"7-1070-11"
"1070",196,1,955,0,2018-11-25 16:09:15,1,"7-1070-12"
"1187",161,1,963,0.488237129099738,2018-11-25 16:10:00,2,"7-1187-10"
"079",154,0,945,0.469780473312989,2018-11-25 16:10:50,12,"7-079-10"
"1006",162,1,971,0.991787376313525,2018-11-25 16:11:02,0,"7-1006-11"
"1006",163,1,972,0.999647714901935,2018-11-25 16:11:17,0,"7-1006-11"
"1006",164,0,938,0,2018-11-25 16:11:32,0,"7-1006-12"
"1187",162,1,964,0.529489586274043,2018-11-25 16:12:06,1,"7-1187-10"
"1070",197,1,956,0.0837272437781558,2018-11-25 16:12:14,2,"7-1070-12"
"079",155,0,946,0.550752094010052,2018-11-25 16:14:05,6,"7-079-10"
"1070",198,1,957,0.140933915521022,2018-11-25 16:14:07,3,"7-1070-12"
"1187",163,1,965,0.575261911957733,2018-11-25 16:14:18,1,"7-1187-10"
"1070",199,1,958,0.187491477260499,2018-11-25 16:15:02,3,"7-1070-12"
"1070",200,1,959,0.223235190196409,2018-11-25 16:16:02,0,"7-1070-12"
"1187",164,1,966,0.633579186712223,2018-11-25 16:16:14,5,"7-1187-10"
"079",156,0,947,0.6383380913274,2018-11-25 16:17:12,4,"7-079-10"
"1006",165,0,939,0.0781472099169385,2018-11-25 16:17:45,7,"7-1006-12"
"1187",165,1,967,0.724950436281226,2018-11-25 16:18:25,2,"7-1187-10"
"1070",201,1,960,0.296637935921497,2018-11-25 16:18:56,2,"7-1070-12"
"1006",166,0,940,0.162172731510807,2018-11-25 16:19:05,4,"7-1006-12"
"079",157,0,948,0.72679922614409,2018-11-25 16:19:54,1,"7-079-10"
"1070",202,1,961,0.335830107243686,2018-11-25 16:20:18,5,"7-1070-12"
"1006",167,0,941,0.21082938934141,2018-11-25 16:20:20,6,"7-1006-12"
"1187",166,1,968,0.803712573297778,2018-11-25 16:20:40,0,"7-1187-10"
"079",158,0,949,0.751798762916103,2018-11-25 16:20:58,2,"7-079-10"
"1187",167,1,969,0.85278294633429,2018-11-25 16:21:13,0,"7-1187-10"
"1006",168,0,942,0.305119574824107,2018-11-25 16:22:20,4,"7-1006-12"
"079",159,0,950,0.805367375886954,2018-11-25 16:22:22,3,"7-079-10"
"1070",203,1,962,0.389965762848403,2018-11-25 16:22:50,7,"7-1070-12"
"1187",168,1,970,0.926963200691372,2018-11-25 16:22:54,0,"7-1187-10"
"1006",169,0,943,0.331714712050445,2018-11-25 16:23:20,1,"7-1006-12"
"079",160,0,951,0.852538132275359,2018-11-25 16:23:31,0,"7-079-10"
"079",161,0,952,0.916685663204101,2018-11-25 16:24:39,0,"7-079-10"
"1006",170,0,944,0.401874836092755,2018-11-25 16:25:15,7,"7-1006-12"
"1187",169,1,971,0.991787376313525,2018-11-25 16:26:03,0,"7-1187-10"
"1187",170,1,972,0.999647714901935,2018-11-25 16:26:08,0,"7-1187-10"
"1187",171,0,938,0,2018-11-25 16:26:12,0,"7-1187-11"
"079",162,0,953,0.9658315220227,2018-11-25 16:26:24,0,"7-079-10"
"1070",204,1,963,0.488237129099738,2018-11-25 16:27:01,0,"7-1070-12"
"1006",171,0,945,0.469780473312989,2018-11-25 16:27:35,7,"7-1006-12"
"079",163,0,954,0.999741490658489,2018-11-25 16:27:52,1,"7-079-10"
"079",164,1,955,0,2018-11-25 16:27:58,0,"7-079-11"
"1070",205,1,964,0.529489586274043,2018-11-25 16:29:14,0,"7-1070-12"
"1070",206,1,965,0.575261911957733,2018-11-25 16:30:54,3,"7-1070-12"
"1006",172,0,946,0.550752094010052,2018-11-25 16:30:55,5,"7-1006-12"
"079",165,1,956,0.0837272437781558,2018-11-25 16:31:04,3,"7-079-11"
"1187",172,0,939,0.0781472099169385,2018-11-25 16:31:39,1,"7-1187-11"
"079",166,1,957,0.140933915521022,2018-11-25 16:32:30,8,"7-079-11"
"1070",207,1,966,0.633579186712223,2018-11-25 16:32:40,3,"7-1070-12"
"079",167,1,958,0.187491477260499,2018-11-25 16:33:28,3,"7-079-11"
"079",168,1,959,0.223235190196409,2018-11-25 16:33:59,2,"7-079-11"
"1006",173,0,947,0.6383380913274,2018-11-25 16:34:26,7,"7-1006-12"
"1070",208,1,967,0.724950436281226,2018-11-25 16:34:43,8,"7-1070-12"
"1187",173,0,941,0.21082938934141,2018-11-25 16:36:08,23,"7-1187-11"
"1070",209,1,968,0.803712573297778,2018-11-25 16:36:56,0,"7-1070-12"
"1006",174,0,948,0.72679922614409,2018-11-25 16:37:03,1,"7-1006-12"
"079",169,1,960,0.296637935921497,2018-11-25 16:37:24,0,"7-079-11"
"1187",174,0,942,0.305119574824107,2018-11-25 16:37:47,6,"7-1187-11"
"1006",175,0,949,0.751798762916103,2018-11-25 16:38:28,0,"7-1006-12"
"079",170,1,961,0.335830107243686,2018-11-25 16:38:38,2,"7-079-11"
"1070",210,1,969,0.85278294633429,2018-11-25 16:38:41,1,"7-1070-12"
"1187",175,0,943,0.331714712050445,2018-11-25 16:39:15,8,"7-1187-11"
"1006",176,0,950,0.805367375886954,2018-11-25 16:40:08,3,"7-1006-12"
"079",171,1,962,0.389965762848403,2018-11-25 16:40:16,2,"7-079-11"
"1070",211,1,970,0.926963200691372,2018-11-25 16:40:44,0,"7-1070-12"
"1187",176,0,944,0.401874836092755,2018-11-25 16:41:20,0,"7-1187-11"
"1006",177,0,951,0.852538132275359,2018-11-25 16:41:35,0,"7-1006-12"
"1070",212,1,971,0.991787376313525,2018-11-25 16:42:52,0,"7-1070-12"
"1070",213,1,972,0.999647714901935,2018-11-25 16:42:59,0,"7-1070-12"
"1070",214,0,938,0,2018-11-25 16:43:05,0,"7-1070-13"
"1006",178,0,952,0.916685663204101,2018-11-25 16:43:06,0,"7-1006-12"
"079",172,1,963,0.488237129099738,2018-11-25 16:43:50,3,"7-079-11"
"1006",179,0,953,0.9658315220227,2018-11-25 16:44:17,0,"7-1006-12"
"1187",177,0,945,0.469780473312989,2018-11-25 16:44:24,14,"7-1187-11"
"1006",180,0,954,0.999741490658489,2018-11-25 16:45:16,0,"7-1006-12"
"079",173,1,964,0.529489586274043,2018-11-25 16:45:19,3,"7-079-11"
"1006",181,1,955,0,2018-11-25 16:45:41,0,"7-1006-13"
"079",174,1,965,0.575261911957733,2018-11-25 16:46:30,0,"7-079-11"
"1070",215,0,939,0.0781472099169385,2018-11-25 16:48:12,2,"7-1070-13"
"1187",178,0,946,0.550752094010052,2018-11-25 16:48:20,8,"7-1187-11"
"1006",182,1,956,0.0837272437781558,2018-11-25 16:48:49,0,"7-1006-13"
"079",175,1,966,0.633579186712223,2018-11-25 16:49:38,4,"7-079-11"
"1070",216,0,940,0.162172731510807,2018-11-25 16:50:22,11,"7-1070-13"
"1006",183,1,957,0.140933915521022,2018-11-25 16:50:49,6,"7-1006-13"
"1006",184,1,958,0.187491477260499,2018-11-25 16:51:44,2,"7-1006-13"
"1187",179,0,947,0.6383380913274,2018-11-25 16:52:11,7,"7-1187-11"
"1070",217,0,941,0.21082938934141,2018-11-25 16:52:18,20,"7-1070-13"
"1006",185,1,959,0.223235190196409,2018-11-25 16:52:29,3,"7-1006-13"
"079",176,1,967,0.724950436281226,2018-11-25 16:52:31,9,"7-079-11"
"1070",218,0,942,0.305119574824107,2018-11-25 16:54:41,4,"7-1070-13"
"079",177,1,968,0.803712573297778,2018-11-25 16:54:50,4,"7-079-11"
"1187",180,0,948,0.72679922614409,2018-11-25 16:55:07,1,"7-1187-11"
"1006",186,1,960,0.296637935921497,2018-11-25 16:55:37,0,"7-1006-13"
"079",178,1,969,0.85278294633429,2018-11-25 16:55:50,0,"7-079-11"
"1070",219,0,943,0.331714712050445,2018-11-25 16:56:08,2,"7-1070-13"
"1187",181,0,949,0.751798762916103,2018-11-25 16:56:20,1,"7-1187-11"
"1006",187,1,961,0.335830107243686,2018-11-25 16:56:33,0,"7-1006-13"
"079",179,1,970,0.926963200691372,2018-11-25 16:58:06,0,"7-079-11"
"1187",182,0,950,0.805367375886954,2018-11-25 16:58:20,2,"7-1187-11"
"1006",188,1,962,0.389965762848403,2018-11-25 16:58:35,0,"7-1006-13"
"1070",220,0,944,0.401874836092755,2018-11-25 16:58:38,9,"7-1070-13"
"1187",183,0,951,0.852538132275359,2018-11-25 16:59:34,0,"7-1187-11"
"079",180,1,971,0.991787376313525,2018-11-25 16:59:59,0,"7-079-11"
"079",181,1,972,0.999647714901935,2018-11-25 17:00:15,0,"7-079-11"
"079",182,0,938,0,2018-11-25 17:00:36,0,"7-079-12"
"1187",184,0,952,0.916685663204101,2018-11-25 17:01:12,0,"7-1187-11"
"1070",221,0,945,0.469780473312989,2018-11-25 17:01:19,11,"7-1070-13"
"1187",185,0,953,0.9658315220227,2018-11-25 17:02:10,0,"7-1187-11"
"1006",189,1,963,0.488237129099738,2018-11-25 17:02:15,0,"7-1006-13"
"1187",186,0,954,0.999741490658489,2018-11-25 17:02:55,0,"7-1187-11"
"1187",187,1,955,0,2018-11-25 17:03:15,0,"7-1187-12"
"1006",190,1,964,0.529489586274043,2018-11-25 17:04:47,0,"7-1006-13"
"1187",188,1,956,0.0837272437781558,2018-11-25 17:05:33,3,"7-1187-12"
"1070",222,0,946,0.550752094010052,2018-11-25 17:05:37,11,"7-1070-13"
"1006",191,1,965,0.575261911957733,2018-11-25 17:06:02,3,"7-1006-13"
"079",183,0,939,0.0781472099169385,2018-11-25 17:07:01,3,"7-079-12"
"1187",189,1,957,0.140933915521022,2018-11-25 17:07:07,4,"7-1187-12"
"1187",190,1,958,0.187491477260499,2018-11-25 17:07:50,0,"7-1187-12"
"1006",192,1,966,0.633579186712223,2018-11-25 17:08:12,2,"7-1006-13"
"1187",191,1,959,0.223235190196409,2018-11-25 17:08:51,0,"7-1187-12"
"1070",223,0,947,0.6383380913274,2018-11-25 17:09:02,2,"7-1070-13"
"079",184,0,940,0.162172731510807,2018-11-25 17:09:05,4,"7-079-12"
"079",185,0,941,0.21082938934141,2018-11-25 17:10:00,2,"7-079-12"
"1006",193,1,967,0.724950436281226,2018-11-25 17:10:22,6,"7-1006-13"
"1070",224,0,948,0.72679922614409,2018-11-25 17:11:18,0,"7-1070-13"
"1187",192,1,960,0.296637935921497,2018-11-25 17:12:07,0,"7-1187-12"
"1006",194,1,968,0.803712573297778,2018-11-25 17:12:22,1,"7-1006-13"
"079",186,0,942,0.305119574824107,2018-11-25 17:12:32,12,"7-079-12"
"1070",225,0,949,0.751798762916103,2018-11-25 17:12:44,4,"7-1070-13"
"079",187,0,943,0.331714712050445,2018-11-25 17:13:23,4,"7-079-12"
"1187",193,1,961,0.335830107243686,2018-11-25 17:13:39,1,"7-1187-12"
"1006",195,1,969,0.85278294633429,2018-11-25 17:13:42,0,"7-1006-13"
"1070",226,0,950,0.805367375886954,2018-11-25 17:14:05,4,"7-1070-13"
"1187",194,1,962,0.389965762848403,2018-11-25 17:15:18,5,"7-1187-12"
"1070",227,0,951,0.852538132275359,2018-11-25 17:15:30,0,"7-1070-13"
"079",188,0,944,0.401874836092755,2018-11-25 17:15:53,8,"7-079-12"
"1006",196,1,970,0.926963200691372,2018-11-25 17:16:32,0,"7-1006-13"
"1070",228,0,952,0.916685663204101,2018-11-25 17:16:58,0,"7-1070-13"
"079",189,0,945,0.469780473312989,2018-11-25 17:17:44,9,"7-079-12"
"1070",229,0,953,0.9658315220227,2018-11-25 17:18:06,0,"7-1070-13"
"1187",195,1,963,0.488237129099738,2018-11-25 17:18:17,3,"7-1187-12"
"1070",230,0,954,0.999741490658489,2018-11-25 17:18:57,0,"7-1070-13"
"1070",231,1,955,0,2018-11-25 17:19:07,0,"7-1070-14"
"1006",197,1,971,0.991787376313525,2018-11-25 17:19:16,0,"7-1006-13"
"1006",198,1,972,0.999647714901935,2018-11-25 17:19:24,0,"7-1006-13"
"1006",199,0,938,0,2018-11-25 17:19:33,0,"7-1006-14"
"1187",196,1,964,0.529489586274043,2018-11-25 17:20:13,6,"7-1187-12"
"079",190,0,946,0.550752094010052,2018-11-25 17:20:14,5,"7-079-12"
"1070",232,1,956,0.0837272437781558,2018-11-25 17:21:35,0,"7-1070-14"
"1187",197,1,965,0.575261911957733,2018-11-25 17:22:17,1,"7-1187-12"
"1070",233,1,957,0.140933915521022,2018-11-25 17:23:01,10,"7-1070-14"
"1006",200,0,939,0.0781472099169385,2018-11-25 17:23:28,0,"7-1006-14"
"1070",234,1,958,0.187491477260499,2018-11-25 17:23:41,0,"7-1070-14"
"079",191,0,947,0.6383380913274,2018-11-25 17:23:52,3,"7-079-12"
"1187",198,1,966,0.633579186712223,2018-11-25 17:24:04,2,"7-1187-12"
"1070",235,1,959,0.223235190196409,2018-11-25 17:24:19,0,"7-1070-14"
"1006",201,0,940,0.162172731510807,2018-11-25 17:25:13,5,"7-1006-14"
"079",192,0,948,0.72679922614409,2018-11-25 17:26:21,0,"7-079-12"
"1187",199,1,967,0.724950436281226,2018-11-25 17:26:34,5,"7-1187-12"
"1006",202,0,941,0.21082938934141,2018-11-25 17:26:38,13,"7-1006-14"
"1070",236,1,960,0.296637935921497,2018-11-25 17:27:12,2,"7-1070-14"
"079",193,0,949,0.751798762916103,2018-11-25 17:28:01,1,"7-079-12"
"1006",203,0,942,0.305119574824107,2018-11-25 17:28:33,15,"7-1006-14"
"1070",237,1,961,0.335830107243686,2018-11-25 17:28:38,3,"7-1070-14"
"1187",200,1,968,0.803712573297778,2018-11-25 17:29:01,1,"7-1187-12"
"079",194,0,950,0.805367375886954,2018-11-25 17:29:10,2,"7-079-12"
"1006",204,0,943,0.331714712050445,2018-11-25 17:29:18,0,"7-1006-14"
"079",195,0,951,0.852538132275359,2018-11-25 17:30:14,0,"7-079-12"
"1070",238,1,962,0.389965762848403,2018-11-25 17:30:18,6,"7-1070-14"
"1187",201,1,969,0.85278294633429,2018-11-25 17:30:39,0,"7-1187-12"
"079",196,0,952,0.916685663204101,2018-11-25 17:31:39,0,"7-079-12"
"1187",202,1,970,0.926963200691372,2018-11-25 17:31:45,0,"7-1187-12"
"1006",205,0,944,0.401874836092755,2018-11-25 17:31:50,4,"7-1006-14"
"079",197,0,953,0.9658315220227,2018-11-25 17:33:09,0,"7-079-12"
"1070",239,1,963,0.488237129099738,2018-11-25 17:33:11,1,"7-1070-14"
"079",198,0,954,0.999741490658489,2018-11-25 17:33:56,0,"7-079-12"
"1006",206,0,945,0.469780473312989,2018-11-25 17:34:11,13,"7-1006-14"
"079",199,1,955,0,2018-11-25 17:34:20,0,"7-079-13"
"1187",203,1,971,0.991787376313525,2018-11-25 17:34:26,1,"7-1187-12"
"1070",240,1,964,0.529489586274043,2018-11-25 17:35:02,2,"7-1070-14"
"1187",204,1,972,0.999647714901935,2018-11-25 17:35:18,0,"7-1187-12"
"1187",205,0,938,0,2018-11-25 17:36:21,0,"7-1187-13"
"1070",241,1,965,0.575261911957733,2018-11-25 17:36:28,4,"7-1070-14"
"1006",207,0,946,0.550752094010052,2018-11-25 17:36:47,3,"7-1006-14"
"079",200,1,956,0.0837272437781558,2018-11-25 17:36:59,0,"7-079-13"
"079",201,1,957,0.140933915521022,2018-11-25 17:38:24,0,"7-079-13"
"1070",242,1,966,0.633579186712223,2018-11-25 17:38:25,8,"7-1070-14"
"1006",208,0,947,0.6383380913274,2018-11-25 17:38:58,5,"7-1006-14"
"079",202,1,958,0.187491477260499,2018-11-25 17:39:22,0,"7-079-13"
"079",203,1,959,0.223235190196409,2018-11-25 17:39:55,0,"7-079-13"
"1070",243,1,967,0.724950436281226,2018-11-25 17:40:16,9,"7-1070-14"
"1187",206,0,939,0.0781472099169385,2018-11-25 17:40:31,5,"7-1187-13"
"1006",209,0,948,0.72679922614409,2018-11-25 17:41:08,0,"7-1006-14"
"1187",207,0,940,0.162172731510807,2018-11-25 17:41:12,0,"7-1187-13"
"1070",244,1,968,0.803712573297778,2018-11-25 17:41:51,9,"7-1070-14"
"079",204,1,960,0.296637935921497,2018-11-25 17:42:20,0,"7-079-13"
"1187",208,0,941,0.21082938934141,2018-11-25 17:42:35,7,"7-1187-13"
"1006",210,0,949,0.751798762916103,2018-11-25 17:42:44,1,"7-1006-14"
"079",205,1,961,0.335830107243686,2018-11-25 17:43:36,3,"7-079-13"
"1070",245,1,969,0.85278294633429,2018-11-25 17:43:47,0,"7-1070-14"
"1006",211,0,950,0.805367375886954,2018-11-25 17:44:01,1,"7-1006-14"
"079",206,1,962,0.389965762848403,2018-11-25 17:44:57,1,"7-079-13"
"1187",209,0,942,0.305119574824107,2018-11-25 17:45:12,1,"7-1187-13"
"1070",246,1,970,0.926963200691372,2018-11-25 17:45:41,4,"7-1070-14"
"1006",212,0,951,0.852538132275359,2018-11-25 17:45:43,0,"7-1006-14"
"1187",210,0,943,0.331714712050445,2018-11-25 17:47:09,1,"7-1187-13"
"1006",213,0,952,0.916685663204101,2018-11-25 17:47:13,0,"7-1006-14"
"1187",211,0,944,0.401874836092755,2018-11-25 17:48:22,0,"7-1187-13"
"1006",214,0,953,0.9658315220227,2018-11-25 17:48:33,0,"7-1006-14"
"079",207,1,963,0.488237129099738,2018-11-25 17:48:53,0,"7-079-13"
"1006",215,0,954,0.999741490658489,2018-11-25 17:50:03,0,"7-1006-14"
"1006",216,1,955,0,2018-11-25 17:50:23,0,"7-1006-15"
"1187",212,0,945,0.469780473312989,2018-11-25 17:51:01,4,"7-1187-13"
"079",208,1,964,0.529489586274043,2018-11-25 17:51:34,0,"7-079-13"
"079",209,1,965,0.575261911957733,2018-11-25 17:53:08,0,"7-079-13"
"1006",217,1,956,0.0837272437781558,2018-11-25 17:53:48,2,"7-1006-15"
"1187",213,0,946,0.550752094010052,2018-11-25 17:54:12,4,"7-1187-13"
"1006",218,1,957,0.140933915521022,2018-11-25 17:55:18,4,"7-1006-15"
"079",210,1,966,0.633579186712223,2018-11-25 17:55:59,0,"7-079-13"
"1006",219,1,958,0.187491477260499,2018-11-25 17:56:08,0,"7-1006-15"
"1006",220,1,959,0.223235190196409,2018-11-25 17:57:12,0,"7-1006-15"
"1187",214,0,947,0.6383380913274,2018-11-25 17:57:29,6,"7-1187-13"
"079",211,1,967,0.724950436281226,2018-11-25 17:58:00,4,"7-079-13"
"1006",221,1,960,0.296637935921497,2018-11-25 17:59:08,2,"7-1006-15"
"1187",215,0,948,0.72679922614409,2018-11-25 17:59:28,0,"7-1187-13"
"079",212,1,968,0.803712573297778,2018-11-25 17:59:45,0,"7-079-13"
"1006",222,1,961,0.335830107243686,2018-11-25 18:00:32,0,"7-1006-15"
"079",213,1,969,0.85278294633429,2018-11-25 18:01:10,0,"7-079-13"
"1187",216,0,949,0.751798762916103,2018-11-25 18:01:20,2,"7-1187-13"
"1006",223,1,962,0.389965762848403,2018-11-25 18:01:58,0,"7-1006-15"
"1187",217,0,950,0.805367375886954,2018-11-25 18:03:01,3,"7-1187-13"
"079",214,1,970,0.926963200691372,2018-11-25 18:03:14,0,"7-079-13"
"1187",218,0,951,0.852538132275359,2018-11-25 18:04:34,0,"7-1187-13"
"1006",224,1,963,0.488237129099738,2018-11-25 18:05:09,0,"7-1006-15"
"079",215,1,971,0.991787376313525,2018-11-25 18:06:02,0,"7-079-13"
"1187",219,0,952,0.916685663204101,2018-11-25 18:06:12,0,"7-1187-13"
"079",216,1,972,0.999647714901935,2018-11-25 18:06:14,0,"7-079-13"
"079",217,0,938,0,2018-11-25 18:06:37,0,"7-079-14"
"1006",225,1,964,0.529489586274043,2018-11-25 18:06:56,2,"7-1006-15"
"1187",220,0,953,0.9658315220227,2018-11-25 18:07:38,0,"7-1187-13"
"1187",221,0,954,0.999741490658489,2018-11-25 18:08:09,0,"7-1187-13"
"1006",226,1,965,0.575261911957733,2018-11-25 18:08:26,4,"7-1006-15"
"1187",222,1,955,0,2018-11-25 18:08:39,0,"7-1187-14"
"1006",227,1,966,0.633579186712223,2018-11-25 18:09:46,3,"7-1006-15"
"1187",223,1,956,0.0837272437781558,2018-11-25 18:11:32,2,"7-1187-14"
"1006",228,1,967,0.724950436281226,2018-11-25 18:12:26,5,"7-1006-15"
"079",218,0,939,0.0781472099169385,2018-11-25 18:12:42,2,"7-079-14"
"1187",224,1,958,0.187491477260499,2018-11-25 18:13:46,3,"7-1187-14"
"1187",225,1,959,0.223235190196409,2018-11-25 18:14:22,0,"7-1187-14"
"079",219,0,940,0.162172731510807,2018-11-25 18:14:43,10,"7-079-14"
"1006",229,1,968,0.803712573297778,2018-11-25 18:15:16,6,"7-1006-15"
"1006",230,1,969,0.85278294633429,2018-11-25 18:16:06,2,"7-1006-15"
"079",220,0,941,0.21082938934141,2018-11-25 18:16:11,6,"7-079-14"
"1187",226,1,960,0.296637935921497,2018-11-25 18:17:06,2,"7-1187-14"
"079",221,0,942,0.305119574824107,2018-11-25 18:18:05,9,"7-079-14"
"1006",231,1,970,0.926963200691372,2018-11-25 18:18:16,9,"7-1006-15"
"1187",227,1,961,0.335830107243686,2018-11-25 18:18:20,1,"7-1187-14"
"079",222,0,943,0.331714712050445,2018-11-25 18:18:46,0,"7-079-14"
"1187",228,1,962,0.389965762848403,2018-11-25 18:20:13,2,"7-1187-14"
"079",223,0,944,0.401874836092755,2018-11-25 18:20:40,5,"7-079-14"
"079",224,0,945,0.469780473312989,2018-11-25 18:22:33,4,"7-079-14"
"1187",229,1,963,0.488237129099738,2018-11-25 18:23:09,0,"7-1187-14"
"079",225,0,946,0.550752094010052,2018-11-25 18:25:25,0,"7-079-14"
"1187",230,1,964,0.529489586274043,2018-11-25 18:26:11,1,"7-1187-14"
"1187",231,1,965,0.575261911957733,2018-11-25 18:27:37,5,"7-1187-14"
"079",226,0,947,0.6383380913274,2018-11-25 18:28:56,0,"7-079-14"
"1187",232,1,966,0.633579186712223,2018-11-25 18:29:09,3,"7-1187-14"
"079",227,0,948,0.72679922614409,2018-11-25 18:31:08,0,"7-079-14"
"1187",233,1,967,0.724950436281226,2018-11-25 18:31:32,8,"7-1187-14"
"079",228,0,949,0.751798762916103,2018-11-25 18:32:41,1,"7-079-14"
"079",229,0,950,0.805367375886954,2018-11-25 18:34:00,0,"7-079-14"
"1187",234,1,968,0.803712573297778,2018-11-25 18:34:30,0,"7-1187-14"
"079",230,0,951,0.852538132275359,2018-11-25 18:35:10,0,"7-079-14"
"1187",235,1,969,0.85278294633429,2018-11-25 18:36:30,1,"7-1187-14"
"079",231,0,952,0.916685663204101,2018-11-25 18:36:39,0,"7-079-14"
"079",232,0,953,0.9658315220227,2018-11-25 18:37:49,0,"7-079-14"
"1187",236,1,970,0.926963200691372,2018-11-25 18:38:25,0,"7-1187-14"
"1187",237,1,971,0.991787376313525,2018-11-25 18:40:21,0,"7-1187-14"
"079",233,0,954,0.999741490658489,2018-11-25 18:40:44,1,"7-079-14"
"1187",238,1,972,0.999647714901935,2018-11-25 18:41:15,2,"7-1187-14"
"1187",239,0,938,0,2018-11-25 18:42:11,1,"7-1187-15"
"079",234,1,955,0,2018-11-25 18:42:40,0,"7-079-15"
"079",235,1,956,0.0837272437781558,2018-11-25 18:45:21,5,"7-079-15"
"1187",240,0,939,0.0781472099169385,2018-11-25 18:46:03,9,"7-1187-15"
"079",236,1,957,0.140933915521022,2018-11-25 18:46:51,4,"7-079-15"
"1187",241,0,940,0.162172731510807,2018-11-25 18:47:17,4,"7-1187-15"
"079",237,1,958,0.187491477260499,2018-11-25 18:47:50,0,"7-079-15"
"079",238,1,959,0.223235190196409,2018-11-25 18:48:23,0,"7-079-15"
"1187",242,0,941,0.21082938934141,2018-11-25 18:48:32,3,"7-1187-15"
"079",239,1,960,0.296637935921497,2018-11-25 18:50:27,0,"7-079-15"
"1187",243,0,942,0.305119574824107,2018-11-25 18:50:57,12,"7-1187-15"
"079",240,1,961,0.335830107243686,2018-11-25 18:51:48,2,"7-079-15"
"1187",244,0,943,0.331714712050445,2018-11-25 18:53:03,4,"7-1187-15"
"079",241,1,962,0.389965762848403,2018-11-25 18:53:29,3,"7-079-15"
"1187",245,0,944,0.401874836092755,2018-11-25 18:54:17,0,"7-1187-15"
"1187",246,0,945,0.469780473312989,2018-11-25 18:56:31,4,"7-1187-15"
"079",242,1,963,0.488237129099738,2018-11-25 18:56:33,2,"7-079-15"
"079",243,1,964,0.529489586274043,2018-11-25 18:58:16,7,"7-079-15"
"079",244,1,965,0.575261911957733,2018-11-25 18:59:17,0,"7-079-15"
"1187",247,0,946,0.550752094010052,2018-11-25 19:01:36,5,"7-1187-15"
"079",245,1,966,0.633579186712223,2018-11-25 19:01:45,2,"7-079-15"
"079",246,1,967,0.724950436281226,2018-11-25 19:03:36,2,"7-079-15"
"1187",248,0,947,0.6383380913274,2018-11-25 19:04:05,2,"7-1187-15"
"1187",249,0,948,0.72679922614409,2018-11-25 19:06:21,1,"7-1187-15"
"079",247,1,968,0.803712573297778,2018-11-25 19:06:27,0,"7-079-15"
"1187",250,0,949,0.751798762916103,2018-11-25 19:07:51,0,"7-1187-15"
"079",248,1,969,0.85278294633429,2018-11-25 19:08:04,0,"7-079-15"
"1187",251,0,950,0.805367375886954,2018-11-25 19:09:23,0,"7-1187-15"
"079",249,1,970,0.926963200691372,2018-11-25 19:09:58,0,"7-079-15"
"1187",252,0,951,0.852538132275359,2018-11-25 19:10:43,0,"7-1187-15"
"1187",253,0,952,0.916685663204101,2018-11-25 19:12:14,0,"7-1187-15"
"1187",254,0,953,0.9658315220227,2018-11-25 19:13:17,0,"7-1187-15"
"1187",255,0,954,0.999741490658489,2018-11-25 19:14:46,1,"7-1187-15"
"1187",256,1,955,0,2018-11-25 19:14:50,0,"7-1187-16"
"079",250,0,938,0,2018-11-25 19:16:28,0,"7-079-16"
"1187",257,1,956,0.0837272437781558,2018-11-25 19:17:03,0,"7-1187-16"
"1187",258,1,957,0.140933915521022,2018-11-25 19:19:14,2,"7-1187-16"
"079",251,0,939,0.0781472099169385,2018-11-25 19:19:36,1,"7-079-16"
"1187",259,1,958,0.187491477260499,2018-11-25 19:19:48,2,"7-1187-16"
"1187",260,1,959,0.223235190196409,2018-11-25 19:21:08,1,"7-1187-16"
"079",252,0,940,0.162172731510807,2018-11-25 19:22:39,20,"7-079-16"
"079",253,0,941,0.21082938934141,2018-11-25 19:23:33,5,"7-079-16"
"1187",261,1,960,0.296637935921497,2018-11-25 19:23:44,2,"7-1187-16"
"1187",262,1,961,0.335830107243686,2018-11-25 19:24:58,1,"7-1187-16"
"079",254,0,942,0.305119574824107,2018-11-25 19:25:53,9,"7-079-16"
"1187",263,1,962,0.389965762848403,2018-11-25 19:26:32,0,"7-1187-16"
"079",255,0,943,0.331714712050445,2018-11-25 19:26:47,3,"7-079-16"
"079",256,0,944,0.401874836092755,2018-11-25 19:28:47,0,"7-079-16"
"1187",264,1,963,0.488237129099738,2018-11-25 19:30:38,0,"7-1187-16"
"079",257,0,945,0.469780473312989,2018-11-25 19:30:55,1,"7-079-16"
"1187",265,1,964,0.529489586274043,2018-11-25 19:32:55,0,"7-1187-16"
"079",258,0,946,0.550752094010052,2018-11-25 19:33:05,0,"7-079-16"
"1187",266,1,965,0.575261911957733,2018-11-25 19:34:39,1,"7-1187-16"
"079",259,0,947,0.6383380913274,2018-11-25 19:36:01,3,"7-079-16"
"1187",267,1,966,0.633579186712223,2018-11-25 19:36:16,1,"7-1187-16"
"079",260,0,948,0.72679922614409,2018-11-25 19:38:23,3,"7-079-16"
"1187",268,1,967,0.724950436281226,2018-11-25 19:38:35,1,"7-1187-16"
"079",261,0,949,0.751798762916103,2018-11-25 19:39:19,1,"7-079-16"
"1187",269,1,968,0.803712573297778,2018-11-25 19:40:44,0,"7-1187-16"
"079",262,0,950,0.805367375886954,2018-11-25 19:41:10,0,"7-079-16"
"079",263,0,951,0.852538132275359,2018-11-25 19:42:26,0,"7-079-16"
"1187",270,1,969,0.85278294633429,2018-11-25 19:42:46,0,"7-1187-16"
"079",264,0,952,0.916685663204101,2018-11-25 19:44:15,0,"7-079-16"
"1187",271,1,970,0.926963200691372,2018-11-25 19:44:21,0,"7-1187-16"
"079",265,0,953,0.9658315220227,2018-11-25 19:45:40,0,"7-079-16"
"079",266,0,954,0.999741490658489,2018-11-25 19:46:10,0,"7-079-16"
"1187",272,1,971,0.991787376313525,2018-11-25 19:46:26,0,"7-1187-16"
"1187",273,1,972,0.999647714901935,2018-11-25 19:46:35,0,"7-1187-16"
"079",267,1,955,0,2018-11-25 19:47:04,0,"7-079-17"
"1187",274,0,938,0,2018-11-25 19:47:42,3,"7-1187-17"
"079",268,1,956,0.0837272437781558,2018-11-25 19:50:50,0,"7-079-17"
"1187",275,0,939,0.0781472099169385,2018-11-25 19:51:43,7,"7-1187-17"
"079",269,1,957,0.140933915521022,2018-11-25 19:51:50,1,"7-079-17"
"079",270,1,958,0.187491477260499,2018-11-25 19:52:49,1,"7-079-17"
"079",271,1,959,0.223235190196409,2018-11-25 19:53:32,0,"7-079-17"
"1187",276,0,940,0.162172731510807,2018-11-25 19:54:33,7,"7-1187-17"
"079",272,1,960,0.296637935921497,2018-11-25 19:55:34,1,"7-079-17"
"1187",277,0,941,0.21082938934141,2018-11-25 19:56:06,8,"7-1187-17"
"079",273,1,961,0.335830107243686,2018-11-25 19:57:05,0,"7-079-17"
"1187",278,0,942,0.305119574824107,2018-11-25 19:57:35,3,"7-1187-17"
"1187",279,0,943,0.331714712050445,2018-11-25 19:58:40,1,"7-1187-17"
"079",274,1,962,0.389965762848403,2018-11-25 19:58:43,0,"7-079-17"
"1187",280,0,944,0.401874836092755,2018-11-25 20:00:08,2,"7-1187-17"
"079",275,1,963,0.488237129099738,2018-11-25 20:01:17,0,"7-079-17"
"1187",281,0,945,0.469780473312989,2018-11-25 20:02:59,4,"7-1187-17"
"079",276,1,964,0.529489586274043,2018-11-25 20:03:40,2,"7-079-17"
"079",277,1,965,0.575261911957733,2018-11-25 20:05:40,0,"7-079-17"
"1187",282,0,946,0.550752094010052,2018-11-25 20:07:09,4,"7-1187-17"
"079",278,1,966,0.633579186712223,2018-11-25 20:08:03,0,"7-079-17"
"1187",283,0,947,0.6383380913274,2018-11-25 20:08:50,0,"7-1187-17"
"079",279,1,967,0.724950436281226,2018-11-25 20:09:48,0,"7-079-17"
"1187",284,0,948,0.72679922614409,2018-11-25 20:11:18,0,"7-1187-17"
"079",280,1,968,0.803712573297778,2018-11-25 20:12:08,0,"7-079-17"
"1187",285,0,949,0.751798762916103,2018-11-25 20:12:40,0,"7-1187-17"
"079",281,1,969,0.85278294633429,2018-11-25 20:12:57,1,"7-079-17"
"1187",286,0,950,0.805367375886954,2018-11-25 20:14:10,0,"7-1187-17"
"1187",287,0,951,0.852538132275359,2018-11-25 20:15:15,0,"7-1187-17"
"079",282,1,970,0.926963200691372,2018-11-25 20:15:18,3,"7-079-17"
"1187",288,0,952,0.916685663204101,2018-11-25 20:16:57,0,"7-1187-17"
"1187",289,0,953,0.9658315220227,2018-11-25 20:18:22,0,"7-1187-17"
"1187",290,0,954,0.999741490658489,2018-11-25 20:19:02,0,"7-1187-17"
"1187",291,1,955,0,2018-11-25 20:20:43,0,"7-1187-18"
"1187",292,1,956,0.0837272437781558,2018-11-25 20:24:25,1,"7-1187-18"
"1187",293,1,958,0.187491477260499,2018-11-25 20:27:04,2,"7-1187-18"
"1187",294,1,959,0.223235190196409,2018-11-25 20:27:40,0,"7-1187-18"
"1187",295,1,960,0.296637935921497,2018-11-25 20:30:47,3,"7-1187-18"
"1187",296,1,961,0.335830107243686,2018-11-25 20:32:00,3,"7-1187-18"
"1187",297,1,962,0.389965762848403,2018-11-25 20:33:36,0,"7-1187-18"
"1187",298,1,963,0.488237129099738,2018-11-25 20:36:40,2,"7-1187-18"
"1187",299,1,964,0.529489586274043,2018-11-25 20:38:55,3,"7-1187-18"
"1187",300,1,965,0.575261911957733,2018-11-25 20:40:08,1,"7-1187-18"
"1187",301,1,966,0.633579186712223,2018-11-25 20:42:54,4,"7-1187-18"
"1187",302,1,967,0.724950436281226,2018-11-25 20:45:31,0,"7-1187-18"
"1187",303,1,968,0.803712573297778,2018-11-25 20:46:45,1,"7-1187-18"
"1187",304,1,969,0.85278294633429,2018-11-25 20:48:18,1,"7-1187-18"
"1187",305,1,970,0.926963200691372,2018-11-25 20:51:27,7,"7-1187-18"
